Loan_ID,Dependents,ApplicantIncome,CoapplicantIncome,LoanAmount,Loan_Amount_Term,Credit_History,Loan_Status,Total_Income,EMI,Gender_Male,Married_Yes,Education_Not Graduate,Self_Employed_Yes,Property_Area_Semiurban,Property_Area_Urban
LP001002,0,1.0336427138941109,-0.9437847057661096,0.10949120972920436,0.2657762923734712,1.0,1,0.2750271463924567,-0.03629488086459392,True,False,False,False,False,True
LP001003,1,0.32754804247899977,0.13639922907436594,0.10949120972920436,0.2657762923734712,1.0,0,0.39926890742228616,-0.03629488086459392,True,True,False,False,False,False
LP001005,0,-0.5553491651435286,-0.9437847057661096,-1.4517633686297313,0.2657762923734712,1.0,1,-1.187637222095081,-0.9893461969644634,True,True,False,True,False,True
LP001006,0,-0.7879253720788377,0.7452562215242361,-0.09196099393001314,0.2657762923734712,1.0,1,-0.19113615532277123,-0.15926924423231917,True,True,True,False,False,True
LP001008,0,1.1178609566932276,-0.9437847057661096,0.4368510406754328,0.2657762923734712,1.0,1,0.3525498981094164,0.16353845960795918,True,False,False,False,False,True
LP001013,0,-0.9273595488985674,0.1421296478268353,-0.7214991303650679,0.2657762923734712,1.0,1,-0.7517642670772083,-0.5435641297564601,True,True,True,False,False,True
LP001014,3,-0.5352706436814875,0.849836363756802,0.86493697345127,0.2657762923734712,0.0,0,0.11638787301139346,0.4248589817643751,True,True,False,False,True,False
LP001018,2,0.005733962379063657,0.14929267126742202,1.116752228025292,0.2657762923734712,1.0,1,0.11228070735751479,0.5785769359740311,True,True,False,False,False,True
LP001024,2,-0.44380182368774485,-0.4423730649250401,-1.3510372668001225,0.2657762923734712,1.0,1,-0.7255810860337318,-0.9278590152806011,True,True,False,False,False,True
LP001027,2,-0.834217518782988,0.37421160730184466,-0.3689577739614372,0.2657762923734712,1.0,1,-0.49968697507040555,-0.3283589938629412,True,True,False,False,False,True
LP001029,0,-1.1950731683924483,1.0905139513605155,-0.2430501466744263,0.2657762923734712,1.0,0,-0.3184582905930097,-0.2515000167581128,True,False,False,False,False,False
LP001032,0,0.532237414050363,-0.9437847057661096,0.033946633356997796,0.2657762923734712,1.0,1,-0.18651559396215772,-0.08241026712749093,True,False,False,False,False,True
LP001034,1,-0.22293808760529302,-0.9437847057661096,-0.5955915030780569,-1.5647359200001072,1.0,1,-0.8816533808811209,-0.31352509212565954,True,False,True,False,False,True
LP001036,0,-0.27090344443128006,-0.9437847057661096,-1.1999481140557093,0.2657762923734712,0.0,0,-0.9258054116603165,-0.8356282427548073,False,False,False,False,False,True
LP001038,0,0.49710000149179107,-0.9437847057661096,0.2353988370162153,0.2657762923734712,1.0,0,-0.21885952348645218,0.040564096240233924,True,True,True,False,False,False
LP001041,0,-0.778443848055096,1.5632734984392382,-0.21786862121702408,0.2657762923734712,1.0,1,0.40388946878289966,-0.2361282213371474,True,True,False,False,False,True
LP001043,0,2.0437038907762326,-0.9437847057661096,-0.4948654012484482,0.2657762923734712,0.0,0,1.2047867712892384,-0.40521797096776907,True,True,True,False,False,True
LP001047,0,-0.778443848055096,0.4250690737300103,-0.1926870957596219,0.2657762923734712,0.0,0,-0.4118963092187492,-0.22075642591618158,True,True,True,False,True,False
LP001050,2,-0.35177526698672323,0.4293668877943623,-0.2934131975892307,0.2657762923734712,0.0,0,-0.01606821932619333,-0.2822436076000442,True,True,True,False,False,False
LP001052,1,-0.15545194602454385,1.1513996506055024,0.6886662952494547,0.2657762923734712,1.0,0,0.6821499418331789,0.31725641381761527,True,True,False,False,True,False
LP001066,0,3.103403634606178,-0.9437847057661096,1.6959273135455422,0.2657762923734712,1.0,1,2.18023861408542,0.9321282306562407,True,True,False,True,True,False
LP001068,0,-0.6674542433065912,0.6700444753980757,-0.04159794301520877,0.2657762923734712,1.0,1,-0.1341492318752048,-0.12852565339038796,True,True,False,False,True,False
LP001073,2,0.12843603798042577,-0.198830267945092,-0.34377624850403504,0.2657762923734712,1.0,1,-0.024282550633950652,-0.3129871984419754,True,True,True,False,False,True
LP001086,0,-1.424302955084084,-0.9437847057661096,-2.232390657809199,0.2657762923734712,1.0,0,-1.9875077331879503,-1.4658718550143983,True,False,True,False,False,True
LP001087,2,-0.13704663468433953,0.5482730769081017,-0.09196099393001314,0.2657762923734712,1.0,1,0.2668128150846994,-0.15926924423231917,False,False,False,False,True,False
LP001091,1,0.09497183554369065,1.4694378913675523,1.9477425681195641,0.2657762923734712,1.0,0,1.1406123079473842,1.0858461848658976,True,True,False,False,False,True
LP001095,0,-0.46220713502794913,-0.9437847057661096,-1.2503111649705139,0.2657762923734712,1.0,0,-1.101900139070364,-0.8663718335967384,True,False,False,False,False,True
LP001097,1,0.3883413435724019,-0.9437847057661096,-0.44450235033364377,0.2657762923734712,1.0,0,-0.31897168629974454,-0.37447438012583806,True,False,False,True,False,False
LP001098,0,-0.2764808115040692,0.2502913017796946,-0.2430501466744263,0.2657762923734712,1.0,1,-0.07510872560069907,-0.2515000167581128,True,True,False,False,True,False
LP001106,0,-0.9597082779207446,0.5368122394031629,0.10949120972920436,0.2657762923734712,1.0,1,-0.4986601836569359,-0.03629488086459392,True,True,False,False,False,True
LP001109,0,-1.2090165860744213,0.008897411831922528,-0.5955915030780569,0.2657762923734712,0.0,0,-1.1065207004309776,-0.46670515265163187,True,True,False,False,False,True
LP001112,0,-0.1833387813884898,0.10130041421549106,0.5123956170476394,0.2657762923734712,1.0,1,-0.0961579495768272,0.2096538458708558,False,True,False,False,True,False
LP001116,0,-0.13816210809889737,0.2510076041237533,-0.34377624850403504,0.2657762923734712,1.0,1,0.05272680537627422,-0.3129871984419754,True,False,True,False,True,False
LP001119,0,-0.22070714077617734,-0.9437847057661096,-1.0992220122261007,0.2657762923734712,1.0,0,-0.8795997980541816,-0.7741410610709446,True,False,False,False,False,True
LP001120,0,-1.224633213878231,-0.07490996242294196,-1.930212352320373,0.2657762923734712,1.0,1,-1.1809630779075282,-1.2814103099628107,True,False,False,False,False,True
LP001123,0,-0.8899911895108799,-0.9437847057661096,-1.2251296395131117,0.2657762923734712,1.0,1,-1.4956746461359807,-0.8510000381757726,True,True,False,False,False,True
LP001131,0,-0.03051892359406606,0.7294975699549454,0.2605803624736175,0.2657762923734712,1.0,1,0.49476050887496503,0.05593589166119973,True,True,False,False,True,False
LP001136,0,0.39001455369423865,-0.9437847057661096,-0.6963176049076657,0.2657762923734712,1.0,1,-0.31743149917954,-0.5281923343354943,True,True,True,True,False,True
LP001137,0,-0.3266771151591719,-0.9437847057661096,-0.8977698085668832,0.2657762923734712,1.0,1,-0.9771449823337998,-0.6511666977032196,False,False,False,False,False,True
LP001138,1,0.9220953724383272,-0.9437847057661096,-2.0057569286925796,0.2657762923734712,1.0,1,0.1723480050454902,-1.3275256962257076,True,True,False,False,False,True
LP001144,0,1.0180260860903012,-0.9437847057661096,0.5123956170476394,0.2657762923734712,1.0,1,0.2606520666038814,0.2096538458708558,True,True,False,False,False,True
LP001146,0,-0.7533456962275448,1.520295357795718,-0.09196099393001314,0.2657762923734712,0.0,0,0.3961885331818772,-0.15926924423231917,False,True,False,False,False,True
LP001151,0,0.0023875421353901443,0.6858031269673664,0.5123956170476394,0.2657762923734712,1.0,1,0.49373371746149536,0.2096538458708558,False,False,False,False,True,False
LP001155,0,-1.1532429153465296,0.23381634786634517,-0.5955915030780569,0.2657762923734712,1.0,1,-0.8939748778427569,-0.46670515265163187,False,True,True,False,True,False
LP001157,0,-0.5073838083175416,-0.9437847057661096,-0.09196099393001314,0.2657762923734712,1.0,1,-1.1434851913158854,-0.15926924423231917,False,False,False,False,True,False
LP001164,0,0.13066698480954145,-0.9437847057661096,-0.2934131975892307,0.2657762923734712,1.0,0,-0.5561605028112371,-0.2822436076000442,False,False,False,False,True,False
LP001179,2,0.34595335381920406,-0.9437847057661096,0.2605803624736175,0.2657762923734712,1.0,0,-0.3579897600115918,0.05593589166119973,True,True,False,False,False,True
LP001194,2,-0.7182082836689728,-0.10785987024964082,-0.6711360794502634,0.2657762923734712,1.0,1,-0.7384159787021026,-0.5128205389145287,True,True,False,False,True,False
LP001195,0,-1.0394646270616301,0.19585232363123561,-0.6963176049076657,0.2657762923734712,1.0,1,-0.8164521261257972,-0.5281923343354943,True,True,False,False,True,False
LP001197,0,-0.35121753027944436,0.6320804511629662,0.2857618879310197,0.2657762923734712,1.0,0,0.1297361613864991,0.07130768708216553,True,True,False,False,False,False
LP001198,1,2.2779533078333785,0.6678955683658997,1.4189305335141182,0.2657762923734712,1.0,1,2.575553308271241,0.7630384810256189,True,True,False,False,False,True
LP001199,2,-0.3562371606449546,1.1041236958976302,0.5123956170476394,0.2657762923734712,1.0,1,0.4634433707641402,0.2096538458708558,True,True,True,False,False,True
LP001205,0,-0.834217518782988,1.7752989922806048,-0.09196099393001314,0.2657762923734712,1.0,1,0.5045150273029269,-0.15926924423231917,True,True,False,False,False,True
LP001206,3,-0.5391748006324399,-0.9437847057661096,-0.6207730285354591,0.2657762923734712,1.0,1,-1.172748746599771,-0.4820769480725975,True,True,False,False,False,True
LP001207,0,-0.7734242176895858,1.526742078892246,1.0412076516530853,-2.4799920261868964,0.0,0,0.38232684910003667,1.1019254151895814,True,True,True,True,False,False
LP001213,1,0.5294487305139683,-0.9437847057661096,0.10949120972920436,0.2657762923734712,0.0,0,-0.18908257249583188,-0.03629488086459392,True,True,False,False,False,False
LP001222,0,0.09497183554369065,-0.9437847057661096,-0.1926870957596219,0.2657762923734712,0.0,0,-0.5890178280422664,-0.22075642591618158,False,False,False,False,True,False
LP001228,0,-0.44380182368774485,0.6707607777421344,0.059128158814399985,-2.4799920261868964,0.0,0,0.07223584223219785,0.3678248437497432,True,False,True,False,False,True
LP001238,3,1.7313713347000381,-0.9437847057661096,0.033946633356997796,-4.310504238560475,1.0,1,0.9172851755177321,2.648231949263505,True,True,True,True,False,True
LP001241,0,0.16970855431906576,-0.9437847057661096,0.31094341338842185,0.2657762923734712,0.0,0,-0.5202228033397989,0.08667948250313094,False,False,False,False,True,False
LP001243,0,-0.4393399300295135,1.252398281117775,1.2174783298549006,0.2657762923734712,1.0,1,0.4932203217547605,0.640064117657894,True,True,False,False,False,True
LP001245,2,-1.182802960832312,0.39928218934389814,-0.6711360794502634,0.2657762923734712,1.0,1,-0.8025904420439567,-0.5128205389145287,True,True,True,True,True,False
LP001248,0,-0.2764808115040692,-0.9437847057661096,-1.0740404867686986,-0.649479813813318,1.0,1,-0.9309393687276648,-0.7146025925596577,True,False,False,False,True,False
LP001250,3,0.4234787561309738,-0.9437847057661096,-0.7214991303650679,0.2657762923734712,0.0,0,-0.28662775677545005,-0.5435641297564601,True,True,True,False,True,False
LP001253,3,0.7084822135505012,0.3269356525939724,1.5952012117159335,0.2657762923734712,1.0,1,0.8864814331136422,0.8706410489723787,True,True,False,True,True,False
LP001255,0,-0.13704663468433953,-0.9437847057661096,-0.26823167213182847,2.09628850474705,1.0,0,-0.8025904420439567,-0.323135868115135,True,False,False,False,False,True
LP001256,0,-0.13704663468433953,2.4586514285125767,1.3182044316845094,0.2657762923734712,1.0,0,1.6360391649464976,0.7015512993417568,True,False,False,False,False,True
LP001259,1,-1.670822579701366,1.2208809779791936,-0.34377624850403504,0.2657762923734712,1.0,0,-0.6629468098120823,-0.3129871984419754,True,True,False,True,False,True
LP001263,3,-0.46220713502794913,1.9214246704685736,1.4189305335141182,-0.649479813813318,0.0,0,0.9516826878689659,0.8611866434485546,True,True,False,False,True,False
LP001264,3,-0.36962284161964865,0.6077261714649713,0.15985426064400873,0.2657762923734712,1.0,1,0.09533864903526532,-0.00555129002266309,True,True,True,True,True,False
LP001265,0,-0.08350391078556334,-0.9437847057661096,-0.31859472304663283,0.2657762923734712,1.0,1,-0.7533044541974128,-0.2976154030210098,False,False,False,False,True,False
LP001266,1,-0.8927798730472745,-0.9437847057661096,0.10949120972920436,0.2657762923734712,1.0,1,-1.4982416246696548,-0.03629488086459392,True,True,False,True,True,False
LP001267,2,-1.4599981043499348,0.4035800034082501,1.0915707025678898,0.2657762923734712,1.0,0,-1.0546677340507595,0.5632051405530657,False,True,False,False,False,True
LP001275,1,-0.00430529835195688,-0.9437847057661096,-1.8546677759481662,-1.5647359200001072,1.0,1,-0.6804022638410666,-1.1587048934369275,True,True,False,False,False,True
LP001279,0,-0.908954237558363,0.8691765270463861,0.31094341338842185,0.2657762923734712,1.0,1,-0.21372556641910384,0.08667948250313094,True,False,False,False,True,False
LP001280,2,-0.36962284161964865,0.488819982351232,-0.6207730285354591,0.2657762923734712,1.0,1,0.010114961717283126,-0.4820769480725975,True,True,True,False,True,False
LP001282,0,-0.834217518782988,0.5733436589501552,-0.4948654012484482,0.2657762923734712,1.0,1,-0.3569629685981221,-0.40521797096776907,True,True,False,False,True,False
LP001289,0,2.549013347570933,-0.9437847057661096,2.1743762972361838,0.2657762923734712,1.0,1,1.6699232815909966,1.2241923436545878,True,False,False,False,False,True
LP001310,0,0.9477512609731574,2.0410471619263717,1.2930229062271072,0.2657762923734712,1.0,1,2.3352841175193397,0.6861795039207906,True,True,False,False,True,False
LP001316,0,-0.5787741068492431,1.1334920920040357,0.18503578610141092,0.2657762923734712,1.0,1,0.2796477077530702,0.009820505398302712,True,True,False,False,True,False
LP001318,2,1.2572951335129572,3.1061887475416152,1.6203827371733357,-2.4799920261868964,1.0,1,3.3836381506718674,1.534856521423331,True,True,False,False,True,False
LP001319,2,-0.4030870440563838,0.3598855604206712,-1.0740404867686986,0.2657762923734712,1.0,1,-0.11310000789907668,-0.758769265649979,True,True,True,False,False,True
LP001322,0,0.07656652420348634,-0.9437847057661096,-0.04159794301520877,0.2657762923734712,1.0,1,-0.6059598863645159,-0.12852565339038796,True,False,False,False,True,False
LP001325,0,-0.209552406630599,-0.9437847057661096,-2.484205912383221,-3.395248132373686,1.0,1,-0.8693318839194849,-1.4251871385275814,True,False,True,False,True,False
LP001326,0,1.554011061785342,-0.9437847057661096,0.10949120972920436,0.2657762923734712,1.0,0,0.7540253407760554,-0.03629488086459392,True,False,False,False,False,True
LP001327,0,-0.8431413060994507,0.7051432902569506,0.33612493884582406,0.2657762923734712,1.0,1,-0.27071248986667024,0.10205127792409635,False,True,False,False,True,False
LP001333,0,-1.1259138166898623,-0.22963126873961484,-1.8546677759481662,0.2657762923734712,1.0,1,-1.2009855104701868,-1.2352949236999138,True,True,False,False,True,False
LP001334,0,0.10724204310382686,-0.9437847057661096,-0.21786862121702408,-2.4799920261868964,1.0,1,-0.5777231224941001,0.16077083642055767,True,True,True,False,True,False
LP001343,0,-1.2475004188766667,1.5926418945456438,0.18503578610141092,0.2657762923734712,1.0,1,-0.006827096604966347,0.009820505398302712,True,True,False,False,True,False
LP001345,2,0.16301571383171873,1.3935098428973332,0.2353988370162153,-2.4799920261868964,1.0,1,1.1488266392551416,0.4995864847774063,True,True,True,False,False,True
LP001349,0,0.4725595863715186,1.7824620157211915,0.6886662952494547,0.2657762923734712,1.0,1,1.7125351252499876,0.31725641381761527,True,False,False,False,True,False
LP001356,0,0.36603187528124514,1.6227265929961079,0.10949120972920436,0.2657762923734712,1.0,1,1.499989302661767,-0.03629488086459392,True,True,False,False,True,False
LP001357,0,-0.1002360120039309,-0.4036927383458719,0.9153000243660744,0.2657762923734712,1.0,1,-0.38160596252139406,0.4556025726063063,True,True,False,False,False,True
LP001367,1,-0.5263468563650248,-0.2059932913856787,-0.5955915030780569,0.2657762923734712,1.0,1,-0.6321430674079923,-0.46670515265163187,True,True,False,False,False,True
LP001370,0,1.8613239874960263,-0.9437847057661096,-0.09196099393001314,0.2657762923734712,1.0,0,1.036906375186948,-0.15926924423231917,True,False,True,False,False,False
LP001379,2,-0.1091597993203936,1.6349037328451053,2.325465449980597,0.2657762923734712,0.0,0,1.071303887538182,1.3164231161803819,True,True,False,False,False,True
LP001384,3,-1.073486566205644,-0.4036927383458719,-0.74668065582247,2.09628850474705,1.0,1,-1.2774814707736768,-0.6057396531242336,True,True,True,False,True,False
LP001385,0,0.7363690489144472,-0.9437847057661096,0.31094341338842185,0.2657762923734712,1.0,1,0.0013872347027909728,0.08667948250313094,True,False,False,False,False,True
LP001387,0,-0.5949484713603318,0.7273486629227693,0.3864879897606284,0.2657762923734712,1.0,1,-0.026336133460889984,0.13279486876602756,False,True,False,False,True,False
LP001391,0,-0.23632376857998708,2.003083137691262,0.7138478207068569,0.2657762923734712,0.0,0,1.218135059664344,0.33262820923858105,True,True,True,False,False,False
LP001392,1,1.9271369189549388,-0.9437847057661096,0.10949120972920436,0.2657762923734712,1.0,1,1.0974870685816585,-0.03629488086459392,False,False,False,True,True,False
LP001398,0,0.5880110847782548,-0.9437847057661096,-0.14232404484481753,0.2657762923734712,1.0,1,-0.13517602328867448,-0.19001283507425037,True,False,False,False,True,False
LP001404,0,-0.46220713502794913,0.6915335457198358,0.7642108716216612,0.2657762923734712,1.0,1,0.07018225940525853,0.3633718000805123,False,True,False,False,True,False
LP001405,1,-0.9937302170647587,0.057605971227912146,-0.9733143849390897,0.2657762923734712,1.0,1,-0.8734390495733636,-0.6972820839661164,True,True,False,False,False,True
LP001421,0,0.8769186991487347,0.5905349152075632,1.2930229062271072,0.2657762923734712,1.0,0,1.23045655662598,0.6861795039207906,True,True,False,False,False,False
LP001426,0,0.9321346331693476,0.9665936458383654,1.4189305335141182,0.2657762923734712,1.0,1,1.5508154776285155,0.7630384810256189,True,True,False,False,False,False
LP001430,0,0.09497183554369065,-0.9437847057661096,-2.0057569286925796,0.2657762923734712,1.0,1,-0.5890178280422664,-1.3275256962257076,False,False,False,False,True,False
LP001432,2,-0.5793318435565221,-0.9437847057661096,-1.0740404867686986,0.2657762923734712,1.0,1,-1.2097132374846788,-0.758769265649979,True,True,False,False,True,False
LP001439,0,0.16970855431906576,0.4988482151680534,1.7714718899177488,0.2657762923734712,1.0,1,0.5137561500241539,0.9782436169191385,True,True,True,False,False,False
LP001443,0,-0.1693953637065168,-0.9437847057661096,-0.7718621812798723,0.2657762923734712,1.0,1,-0.832367393034577,-0.5743077205983913,False,False,False,False,False,False
LP001449,0,-0.07290691334726389,0.23095113849011048,0.10949120972920436,0.2657762923734712,1.0,1,0.09841902327567431,-0.03629488086459392,True,False,False,False,False,False
LP001465,0,1.1624798932755411,0.8963960161206157,1.4692935844289225,0.2657762923734712,1.0,0,1.7125351252499876,0.7937820718675497,True,True,False,False,False,False
LP001473,0,-1.1052775585205425,0.43796251592306634,-1.2503111649705139,0.2657762923734712,1.0,1,-0.703505070644134,-0.8663718335967384,True,False,False,False,False,True
LP001478,0,-0.7126309165961837,-0.9437847057661096,-1.3510372668001225,0.2657762923734712,1.0,1,-1.332414811394304,-0.9278590152806011,True,False,False,False,True,False
LP001482,0,-0.29934801650250487,-0.9437847057661096,-2.484205912383221,-3.395248132373686,1.0,1,-0.951988592703793,-1.4251871385275814,True,True,False,True,True,False
LP001487,0,0.5015618951500224,-0.9437847057661096,-0.5452284521632526,0.2657762923734712,1.0,1,-0.21475235783257351,-0.43596156180970047,True,False,False,False,True,False
LP001489,0,0.32754804247899977,-0.9437847057661096,-0.9984959103964919,0.2657762923734712,1.0,0,-0.37493181833384126,-0.7126538793870822,False,True,False,False,False,False
LP001491,2,-0.3791043656433903,1.5632734984392382,-0.8977698085668832,0.2657762923734712,1.0,1,0.7714807948050397,-0.6511666977032196,True,True,False,True,False,True
LP001493,2,0.11393488359117389,0.08052764623778962,0.13467273518660655,0.2657762923734712,1.0,0,0.16259348661752837,-0.020923085443628503,True,True,True,False,False,False
LP001497,2,0.5835491911200235,0.5482730769081017,1.544838160801129,0.2657762923734712,1.0,0,0.9301200681861029,0.8398974581304475,True,True,False,False,False,False
LP001498,0,0.7927004563496179,-0.9437847057661096,1.116752228025292,0.2657762923734712,1.0,1,0.05324020108300906,0.5785769359740311,True,False,False,False,False,True
LP001504,0,1.6477108286082005,-0.9437847057661096,1.2930229062271072,-2.4799920261868964,1.0,1,0.8402758195075073,1.2901563309433854,True,False,False,True,True,False
LP001507,0,-0.723785650741762,0.5131742620492268,-0.04159794301520877,0.2657762923734712,1.0,1,-0.2984358580303512,-0.12852565339038796,True,True,False,False,True,False
LP001514,0,-0.9290327590204042,2.2695476096810876,-0.5955915030780569,0.2657762923734712,1.0,1,0.7714807948050397,-0.46670515265163187,False,True,False,False,True,False
LP001518,1,-1.3707602311853078,0.07694613451749625,-2.35829828509621,0.2657762923734712,1.0,1,-1.20663286324427,-1.5427308321192266,True,True,False,False,False,True
LP001519,0,3.3488077858089023,0.2495749994356359,2.5520991790972167,0.2657762923734712,1.0,0,3.2614499724689776,1.4547692749690728,False,False,False,False,False,False
LP001520,0,0.48204111039526026,-0.3492537601974129,0.033946633356997796,0.2657762923734712,1.0,1,0.19339722902161832,-0.08241026712749093,True,True,False,False,True,False
LP001528,0,1.272354024609488,-0.9437847057661096,-0.14232404484481753,0.2657762923734712,0.0,0,0.49476050887496503,-0.19001283507425037,True,False,False,False,False,False
LP001529,0,-0.7912717923225112,1.7423490844539058,0.7138478207068569,0.2657762923734712,1.0,1,0.5204302942117066,0.33262820923858105,True,True,False,True,False,False
LP001532,2,-0.9563618576770712,-0.9437847057661096,-0.26823167213182847,0.2657762923734712,1.0,0,-1.5567687352374258,-0.2668718121790786,True,True,True,False,False,False
LP001535,0,-0.41368404149468324,-0.9437847057661096,-1.8546677759481662,0.2657762923734712,1.0,1,-1.0572347125844337,-1.2352949236999138,True,False,False,False,False,True
LP001541,1,1.1178609566932276,-0.9437847057661096,0.9153000243660744,0.2657762923734712,1.0,1,0.3525498981094164,0.4556025726063063,True,True,False,False,False,False
LP001543,1,3.0911334270460418,-0.9437847057661096,1.5952012117159335,0.2657762923734712,1.0,1,2.168943908537254,0.8706410489723787,True,True,False,False,False,True
LP001546,0,-0.5665038992891069,0.5482730769081017,-0.09196099393001314,0.2657762923734712,1.0,1,-0.12850187910112165,-0.15926924423231917,True,False,False,False,False,False
LP001560,0,-1.1894958013196593,-0.19811396560103334,-0.6459545539928613,0.2657762923734712,1.0,1,-1.236923209941625,-0.49744874349356333,True,True,True,False,True,False
LP001565,1,-0.5057105981957049,-0.026917705371011014,-0.06677946847261096,0.2657762923734712,0.0,0,-0.4847984995750954,-0.14389744881135336,True,True,False,False,True,False
LP001570,2,0.09552957225096957,0.09270478608678702,0.86493697345127,0.2657762923734712,1.0,1,0.15437915530977106,0.4248589817643751,True,True,False,False,False,False
LP001572,0,2.9712200349810742,-0.9437847057661096,-1.2251296395131117,-2.4799920261868964,1.0,1,2.058563831589265,-0.5921528265946607,True,True,False,False,False,True
LP001574,0,-0.16102931309733304,1.3240285155236422,1.4692935844289225,0.2657762923734712,1.0,1,0.8007443500889252,0.7937820718675497,True,True,False,False,False,False
LP001577,0,0.32754804247899977,-0.9437847057661096,-0.2934131975892307,0.2657762923734712,1.0,0,-0.37493181833384126,-0.2822436076000442,False,True,False,False,False,False
LP001578,0,-0.868239457927002,1.44365100698144,0.13467273518660655,0.2657762923734712,1.0,1,0.2354956769738746,-0.020923085443628503,True,True,False,False,False,False
LP001579,0,-0.9809022727973435,-0.9437847057661096,-1.5273079450019378,2.09628850474705,0.0,0,-1.5793581463337583,-1.0668300391917103,True,False,False,False,True,False
LP001580,2,2.233334371251065,-0.9437847057661096,1.922561042662162,0.2657762923734712,1.0,1,1.3793413115790814,1.0704743894449313,True,True,False,False,True,False
LP001581,0,-1.2134784797326528,0.32335414087367903,-0.7214991303650679,0.2657762923734712,1.0,1,-0.8852471508282648,-0.5435641297564601,True,True,True,False,False,False
LP001586,3,-0.26421060394393303,-0.9437847057661096,-1.0740404867686986,-2.4799920261868964,1.0,0,-0.9196446631794986,-0.4792142771423779,True,True,True,False,False,False
LP001594,0,0.9550018381677833,3.085415979563914,1.5952012117159335,0.2657762923734712,1.0,1,3.090489202126278,0.8706410489723787,True,True,False,False,True,False
LP001603,0,0.1942489694393382,-0.41658618053892793,-0.9229513340242854,0.2657762923734712,1.0,0,-0.1197741520866295,-0.6665384931241852,True,True,True,True,True,False
LP001606,0,-0.27815402162590597,0.4630330979651198,-0.1926870957596219,0.2657762923734712,1.0,1,0.07582961217934168,-0.22075642591618158,True,True,False,False,False,False
LP001608,2,-1.087987720594896,0.2159087892648784,-0.5704099776206547,0.2657762923734712,1.0,1,-0.8467424728231523,-0.4513333572306663,True,True,False,False,False,False
LP001616,1,-0.13704663468433953,-0.9437847057661096,-0.1926870957596219,0.2657762923734712,1.0,1,-0.8025904420439567,-0.22075642591618158,True,True,False,False,True,False
LP001630,0,-0.9273595488985674,0.0955699954630217,-0.5452284521632526,2.09628850474705,0.0,0,-0.7851349880149724,-0.4867485857519814,True,False,True,False,False,True
LP001634,0,-1.1599357558338765,2.682854062202941,-1.4265818431723292,0.2657762923734712,1.0,0,0.8551642950028174,-0.9739744015434979,True,False,False,False,False,False
LP001636,0,0.3370295665027414,-0.9437847057661096,-1.275492690427916,-2.4799920261868964,1.0,1,-0.3662040913193491,-0.6297990097454218,True,True,False,False,True,False
LP001639,0,-0.20676372309420438,-0.9437847057661096,-0.3941392994188394,0.2657762923734712,1.0,1,-0.8667649053858107,-0.3437307892839068,False,True,False,False,True,False
LP001641,1,-1.0138087385267998,-0.9437847057661096,-1.4517633686297313,-0.649479813813318,0.0,0,-1.6096484930311135,-0.953358537409387,True,True,False,True,False,False
LP001643,0,-0.8994727135346214,0.5876697058313285,-1.6532155722889488,0.2657762923734712,1.0,1,-0.4067623521514009,-1.1123205603321886,True,True,False,False,False,False
LP001644,0,-1.8526447462742937,2.849752508368611,1.116752228025292,0.2657762923734712,1.0,1,0.33714802690737145,0.5785769359740311,True,True,False,True,False,False
LP001647,0,2.974008718517469,-0.9437847057661096,1.6203827371733357,-2.4799920261868964,1.0,1,2.061130810122939,1.534856521423331,True,True,False,False,False,False
LP001653,0,0.4959845280772332,-0.9437847057661096,-1.9050308268629708,0.2657762923734712,1.0,1,-0.21988631489992183,-1.266038514541845,True,False,True,False,False,False
LP001657,0,1.136266268033432,-0.9437847057661096,0.9153000243660744,0.2657762923734712,1.0,0,0.3694919564316659,0.4556025726063063,True,True,True,False,False,True
LP001658,0,-0.07681107029821632,-0.9437847057661096,-1.1999481140557093,0.2657762923734712,1.0,1,-0.7471437057165948,-0.8356282427548073,True,False,False,False,True,False
LP001664,0,0.10891525322566362,-0.9437847057661096,-0.09196099393001314,0.2657762923734712,1.0,1,-0.5761829353738956,-0.15926924423231917,True,False,False,False,False,False
LP001665,1,-0.48563207673366376,0.906424248937437,1.1671152789400963,0.2657762923734712,1.0,0,0.2026383517428453,0.6093205268159627,True,True,False,False,True,False
LP001666,0,2.4190606947749447,1.7423490844539058,1.5952012117159335,0.2657762923734712,1.0,1,3.4755359821774023,0.8706410489723787,True,False,False,False,False,False
LP001669,0,-1.1649553861993867,0.7502703379326469,-0.09196099393001314,0.2657762923734712,1.0,1,-0.5345978831283742,-0.15926924423231917,False,False,True,False,False,True
LP001671,0,-0.3233306949154984,1.0733226951031074,-0.26823167213182847,0.2657762923734712,1.0,1,0.47165770207189756,-0.2668718121790786,False,True,False,False,True,False
LP001674,1,-0.778443848055096,0.8469711543805674,-0.8474067576520788,0.2657762923734712,1.0,1,-0.10950623795193284,-0.6204231068612883,True,True,True,False,True,False
LP001677,2,0.5171785229538322,-0.9437847057661096,1.0663891771104874,0.2657762923734712,0.0,1,-0.2003772780439982,0.5478333451321004,True,False,False,False,True,False
LP001682,3,-0.0020743515228412055,-0.9437847057661096,0.10949120972920436,-2.4799920261868964,1.0,0,-0.6783486810141273,0.40547102690050413,True,True,True,False,False,True
LP001688,1,-0.2764808115040692,-0.16802926715056915,0.2857618879310197,0.2657762923734712,1.0,1,-0.37493181833384126,0.07130768708216553,True,True,True,False,False,True
LP001691,2,-0.04390460456876011,-0.9437847057661096,0.008765107899595607,0.2657762923734712,1.0,1,-0.7168533590192397,-0.09778206254845673,True,True,True,False,True,False
LP001692,0,0.229944118705189,-0.9437847057661096,-0.09196099393001314,0.2657762923734712,1.0,1,-0.46477606701243696,-0.15926924423231917,False,False,True,False,True,False
LP001693,0,-0.4192614085674724,-0.9437847057661096,-1.0992220122261007,0.2657762923734712,1.0,1,-1.062368669651782,-0.7741410610709446,False,False,False,False,False,True
LP001698,0,-0.011555875546582824,0.8691765270463861,-1.7287601486611555,0.2657762923734712,1.0,1,0.6123281257172416,-1.1584359465950858,True,False,True,False,False,False
LP001699,0,-0.8459299896358452,-0.9437847057661096,-1.6280340468315466,0.2657762923734712,1.0,1,-1.4551163853039288,-1.096948764911223,True,False,False,False,False,True
LP001702,0,-0.32221522150094056,-0.9437847057661096,0.08430968427180217,0.2657762923734712,1.0,0,-0.9730378166799212,-0.051666676285559716,True,False,False,False,True,False
LP001708,0,3.3488077858089023,-0.9437847057661096,2.2751023990657924,0.2657762923734712,1.0,0,2.4061327250487463,1.2856795253384508,False,False,False,False,True,False
LP001711,3,-0.31552238101359353,-0.04840677569277114,0.10949120972920436,0.2657762923734712,0.0,0,-0.32513243478056253,-0.03629488086459392,True,True,False,False,True,False
LP001715,3,0.9522131546313888,-0.9437847057661096,0.15985426064400873,0.2657762923734712,1.0,1,0.20007137320917115,-0.00555129002266309,True,True,True,True,False,False
LP001716,0,-0.45886071478427565,1.220164675635135,0.33612493884582406,0.2657762923734712,1.0,1,0.4521486652159739,0.10205127792409635,True,True,False,False,False,True
LP001720,3,-0.08127296395644766,-0.23965950155643626,-0.5955915030780569,0.2657762923734712,1.0,1,-0.24658289165013314,-0.46670515265163187,True,True,True,False,True,False
LP001722,0,-2.1448987808884468,0.3455595135394978,0.2857618879310197,0.2657762923734712,1.0,0,-1.7267027141666553,0.07130768708216553,True,True,False,False,False,False
LP001726,0,-0.14987457895175466,0.32765195493803106,0.18503578610141092,0.2657762923734712,1.0,1,0.09687883615546981,0.009820505398302712,True,True,False,False,True,False
LP001732,2,0.5601242494143088,-0.9437847057661096,-1.3006742158853182,0.2657762923734712,0.0,0,-0.1608458086254161,-0.8971154244386699,True,True,False,False,True,False
LP001734,2,0.16022703029532415,0.7631637801257029,0.08430968427180217,0.2657762923734712,1.0,1,0.6944714387948149,-0.051666676285559716,False,True,False,False,True,False
LP001736,0,-0.9898260601138062,-0.9437847057661096,-1.6028525213741445,0.2657762923734712,0.0,0,-1.5875724776415157,-1.0815769694902573,True,True,False,False,False,True
LP001743,2,0.007407172500900413,0.2861064189826281,-0.1926870957596219,0.2657762923734712,1.0,1,0.2118794744640723,-0.22075642591618158,True,True,False,False,True,False
LP001744,0,-0.5715235296546173,1.0554151365016406,0.5123956170476394,0.2657762923734712,1.0,1,0.23036171990652626,0.2096538458708558,True,False,False,False,True,False
LP001749,0,1.9979694807793613,-0.22031933826685213,1.2930229062271072,0.2657762923734712,1.0,1,1.681217987139163,0.6861795039207906,True,True,False,False,True,False
LP001750,0,1.2572951335129572,-0.9437847057661096,0.10949120972920436,0.2657762923734712,1.0,1,0.4808988247931245,-0.03629488086459392,True,True,False,False,True,False
LP001751,0,-0.4159149883237989,-0.9437847057661096,1.1671152789400963,0.2657762923734712,1.0,0,-1.059288295411373,0.6093205268159627,True,True,False,False,False,False
LP001754,0,0.4123240219853954,-0.9437847057661096,0.36130646430322627,0.2657762923734712,1.0,0,-0.29689567091014674,0.11742307334506216,True,True,True,True,False,True
LP001758,2,1.2572951335129572,0.2703477674133374,2.1743762972361838,0.2657762923734712,1.0,1,1.3511045477086656,1.2241923436545878,True,True,False,False,True,False
LP001760,0,0.42515196625281054,-0.9437847057661096,0.86493697345127,2.09628850474705,1.0,1,-0.28508756965524557,0.3461888858537832,True,True,False,False,True,False
LP001761,0,1.340955639604795,-0.9437847057661096,1.922561042662162,0.2657762923734712,1.0,1,0.5579081808033494,1.0704743894449313,True,False,False,True,False,False
LP001765,1,-0.8392371491484982,0.5275003089304002,-0.4948654012484482,0.2657762923734712,1.0,1,-0.3944408551897649,-0.40521797096776907,True,True,False,False,True,False
LP001768,0,-0.15600968273182278,-0.9437847057661096,-2.056119979607384,-2.4799920261868964,1.0,1,-0.820045896072941,-1.213314848582216,True,True,False,False,False,False
LP001770,0,-0.44993692746781294,0.9171687840983171,-0.09196099393001314,0.2657762923734712,1.0,1,0.24319661257489708,-0.15926924423231917,True,False,True,False,False,False
LP001778,1,-0.46889997551529616,0.3305171643142657,0.41166951521803063,0.2657762923734712,1.0,1,-0.19472992526991503,0.14816666418699337,True,True,False,False,True,False
LP001784,1,0.8389926030537682,-0.04124375225218443,1.1671152789400963,0.2657762923734712,1.0,1,0.7427306352278891,0.6093205268159627,True,True,False,False,False,False
LP001788,0,-0.2971170696733892,-0.9437847057661096,-0.04159794301520877,0.2657762923734712,1.0,1,-0.9499350098768536,-0.12852565339038796,False,False,False,True,False,True
LP001790,1,-0.10246695883304657,-0.9437847057661096,-0.2934131975892307,0.2657762923734712,1.0,1,-0.7707599082263972,-0.2822436076000442,False,False,False,False,False,False
LP001792,1,-0.37966210235066916,-0.9437847057661096,-0.6963176049076657,0.2657762923734712,1.0,1,-1.0259175744736089,-0.5281923343354943,True,True,False,False,True,False
LP001798,2,1.0169106126757432,2.6377270145272442,-0.09196099393001314,0.2657762923734712,1.0,1,2.8266038088645744,-0.15926924423231917,True,True,False,False,False,False
LP001800,1,-0.8286401517101988,0.47664284250223454,0.41166951521803063,-2.4799920261868964,1.0,0,-0.42113743193997616,0.6313481258050694,True,True,True,False,False,True
LP001806,0,-0.5748699498982908,3.1398549577123727,0.7893923970790635,-4.310504238560475,1.0,1,1.72126285226448,3.7647399438263145,True,False,False,False,False,True
LP001807,2,1.2572951335129572,-0.012591658489837596,-0.3941392994188394,0.2657762923734712,1.0,1,1.1483132435484067,-0.3437307892839068,True,True,False,True,False,False
LP001811,0,-0.3289080619882876,2.2201227479410393,-0.01641641755780658,0.2657762923734712,1.0,1,1.288470271487016,-0.11315385796942254,True,True,True,False,True,False
LP001813,0,1.1457477920571735,2.159953351040111,-0.09196099393001314,-2.4799920261868964,1.0,0,2.6027632807281873,0.25488629429746024,True,False,False,True,False,True
LP001814,2,3.183159983747063,-0.9437847057661096,-0.2934131975892307,0.2657762923734712,1.0,1,2.2536542001485014,-0.2822436076000442,True,True,False,False,False,True
LP001819,1,1.4569648747188102,-0.9437847057661096,0.33612493884582406,-2.4799920261868964,1.0,1,0.6646944878041946,0.574878851078928,True,True,True,False,False,True
LP001824,1,-0.621162096602441,0.3763605143340207,-0.01641641755780658,2.09628850474705,1.0,1,-0.30202962797749505,-0.17439703389981973,True,True,False,False,True,False
LP001825,0,-1.2196135835127209,0.39426807293548743,-0.8474067576520788,0.2657762923734712,1.0,1,-0.8400683286355995,-0.6204231068612883,True,True,False,False,False,True
LP001835,0,-1.2982544592390484,1.8426314126221197,1.9477425681195641,0.2657762923734712,0.0,0,0.12562899573262043,1.0858461848658976,True,True,True,False,True,False
LP001836,2,-0.3171955911354303,-0.9437847057661096,0.36130646430322627,0.2657762923734712,1.0,0,-0.9684172553193077,0.11742307334506216,False,False,False,False,False,True
LP001841,0,-0.7879253720788377,0.60844247380903,-0.4948654012484482,0.2657762923734712,1.0,1,-0.2891947353091242,-0.40521797096776907,True,False,True,True,False,False
LP001849,0,1.1429591085207789,-0.9437847057661096,-0.21786862121702408,0.2657762923734712,0.0,0,0.37565270491248387,-0.2361282213371474,True,False,True,False,False,False
LP001854,3,0.6995584262340385,-0.9437847057661096,-0.74668065582247,0.2657762923734712,1.0,0,-0.032496881941707974,-0.5589359251774257,True,True,False,False,False,True
LP001864,3,0.5216404166120635,-0.9437847057661096,0.10949120972920436,0.2657762923734712,1.0,0,-0.19627011239011954,-0.03629488086459392,True,True,True,False,True,False
LP001868,0,-1.0796216699857122,0.6385271722594942,0.2605803624736175,0.2657762923734712,1.0,1,-0.5361380702485786,0.05593589166119973,True,False,False,False,True,False
LP001870,1,-0.2870778089423687,-0.9437847057661096,0.7893923970790635,-4.6766066810351905,1.0,0,-0.9406938871556266,6.7567355982542345,False,False,False,False,True,False
LP001871,0,1.78714500542793,-0.9437847057661096,-0.09196099393001314,0.2657762923734712,1.0,1,0.9686247461912154,-0.15926924423231917,False,False,False,False,False,False
LP001872,0,0.6527085428226094,-0.9437847057661096,0.10949120972920436,0.2657762923734712,1.0,1,-0.0756221213074339,-0.03629488086459392,True,False,False,True,True,False
LP001875,0,0.055372529326887424,1.5253094742041287,0.6886662952494547,0.2657762923734712,1.0,1,1.1442060778945282,0.31725641381761527,True,False,False,False,False,False
LP001877,2,0.3972651308888646,0.04972664544326676,0.6634847697920525,0.2657762923734712,1.0,1,0.4013224902492255,0.3018846183966502,True,True,False,False,True,False
LP001882,3,0.18811386565927007,0.3534388393241432,0.9153000243660744,0.2657762923734712,0.0,1,0.4264788798792323,0.4556025726063063,True,True,False,False,False,True
LP001883,0,-0.32221522150094056,-0.9437847057661096,0.2857618879310197,0.2657762923734712,1.0,0,-0.9730378166799212,0.07130768708216553,False,False,False,False,False,False
LP001884,1,-0.6245085168461145,0.17364695096541682,-0.8474067576520788,0.2657762923734712,1.0,1,-0.4504009872238616,-0.6204231068612883,False,False,False,False,False,True
LP001888,0,-0.4231655655184248,-0.9437847057661096,-2.35829828509621,0.2657762923734712,1.0,1,-1.0659624395989258,-1.5427308321192266,False,False,False,False,False,True
LP001892,0,-0.648491195259108,0.38638874715084204,0.059128158814399985,0.2657762923734712,1.0,1,-0.31999847771321416,-0.06703847170652552,True,False,False,False,False,False
LP001894,0,-0.7672891139095177,0.6485554050763156,0.6634847697920525,0.2657762923734712,1.0,1,-0.2414489345827848,0.3018846183966502,True,True,False,False,True,False
LP001896,2,-0.053386128592501726,-0.9437847057661096,-0.8474067576520788,0.2657762923734712,1.0,1,-0.7255810860337318,-0.6204231068612883,True,True,False,False,True,False
LP001900,1,-0.6947833419632583,0.375644211989962,-0.21786862121702408,0.2657762923734712,1.0,1,-0.37031125697322775,-0.2361282213371474,True,True,False,False,True,False
LP001903,0,-0.0015166148155622867,1.4013891686819786,2.098831720863977,0.2657762923734712,1.0,1,1.003022258542449,1.1780769573916912,True,True,False,False,True,False
LP001904,0,-0.49790228429379996,-0.012591658489837596,-1.0992220122261007,0.2657762923734712,1.0,1,-0.4673430455461111,-0.7741410610709446,True,True,False,False,False,True
LP001908,0,0.05816121286328202,-0.9437847057661096,0.008765107899595607,0.2657762923734712,1.0,1,-0.6229019446867654,-0.09778206254845673,False,True,True,False,False,False
LP001910,1,0.031947587621172835,0.7939647809202257,0.86493697345127,0.2657762923734712,0.0,0,0.5984664416354012,0.4248589817643751,True,False,True,True,False,True
LP001914,0,-0.038327237495970924,-0.370742830519173,-0.2934131975892307,0.2657762923734712,1.0,1,-0.3010028365640254,-0.2822436076000442,True,True,False,False,True,False
LP001915,2,-0.9452071235314928,-0.2376538637319605,-1.149585063140905,-2.4799920261868964,1.0,1,-1.0403953396669587,-0.5356835518685192,True,True,False,False,False,True
LP001917,0,-1.218498110098163,0.2495749994356359,-1.7539416741185576,0.2657762923734712,1.0,1,-0.942747469982566,-1.173807742016051,False,False,False,False,False,True
LP001924,0,-0.4672267653934594,1.2430863506450123,-0.872588283109481,0.2657762923734712,1.0,1,0.46087639223046606,-0.6357949022822538,True,False,False,False,False,False
LP001925,0,-0.778443848055096,0.2861064189826281,-0.6207730285354591,-0.649479813813318,1.0,0,-0.5114950763253067,-0.428095458739983,False,False,False,True,True,False
LP001926,0,-0.1627025232191698,0.488819982351232,-0.09196099393001314,0.2657762923734712,1.0,1,0.200584768915906,-0.15926924423231917,True,True,False,False,False,False
LP001931,0,0.07154689383797606,-0.9437847057661096,-0.21786862121702408,0.2657762923734712,1.0,1,-0.6105804477251294,-0.2361282213371474,False,False,False,False,True,False
LP001935,0,3.074401325827674,-0.9437847057661096,1.5952012117159335,0.2657762923734712,1.0,1,2.153542037335209,0.8706410489723787,True,False,False,False,False,False
LP001936,0,-0.5135189120976097,0.786801757479639,0.3864879897606284,0.2657762923734712,1.0,1,0.09123148338138666,0.13279486876602756,True,True,False,False,False,False
LP001938,2,0.22548222504695764,-0.9437847057661096,0.08430968427180217,0.2657762923734712,0.0,0,-0.4688832326663156,-0.051666676285559716,True,True,False,False,True,False
LP001940,2,-0.47001544892985403,0.17364695096541682,0.2605803624736175,0.2657762923734712,1.0,1,-0.30819037645831304,0.05593589166119973,True,True,False,False,False,True
LP001945,0,0.7927004563496179,-0.9437847057661096,0.4872140915902372,2.09628850474705,0.0,0,0.05324020108300906,0.1230806345308104,False,False,False,False,False,True
LP001947,0,-0.8994727135346214,1.444367309325499,1.2174783298549006,0.2657762923734712,1.0,1,0.20725891310345881,0.640064117657894,True,True,False,False,True,False
LP001949,3,0.23440601236342035,-0.04840677569277114,-0.34377624850403504,0.2657762923734712,1.0,1,0.18107573205998234,-0.3129871984419754,True,True,False,False,False,True
LP001953,1,1.6058805755622816,-0.9437847057661096,1.922561042662162,0.2657762923734712,1.0,1,0.8017711415023948,1.0704743894449313,True,True,False,False,True,False
LP001954,1,0.37384018918315004,-0.9437847057661096,0.2857618879310197,0.2657762923734712,1.0,1,-0.33231997467485014,0.07130768708216553,False,True,False,False,False,True
LP001955,0,0.5601242494143088,0.8763395504869729,0.6886662952494547,2.09628850474705,1.0,0,1.1436926821877933,0.24207170190306276,False,False,False,False,False,False
LP001963,1,-1.1052775585205425,1.1513996506055024,-0.26823167213182847,0.2657762923734712,1.0,0,-0.19216294673624087,-0.2668718121790786,True,True,False,False,False,True
LP001964,0,-1.224633213878231,1.1578463717020304,-0.7718621812798723,0.2657762923734712,0.0,0,-0.29740906661688155,-0.5743077205983913,True,True,True,False,False,True
LP001972,0,-0.6250662535533934,0.30974439633656425,-0.469683875791046,0.2657762923734712,1.0,1,-0.35336919865097827,-0.38984617554680384,True,True,True,False,True,False
LP001974,0,0.5601242494143088,-0.9437847057661096,0.21021731155881312,0.2657762923734712,1.0,1,-0.1608458086254161,0.025192300819268904,False,False,False,False,False,False
LP001977,1,-1.3222371376520419,0.34770842057167384,-0.6963176049076657,0.2657762923734712,1.0,1,-0.9679038596125727,-0.5281923343354943,True,True,False,False,False,True
LP001978,0,0.0023875421353901443,0.8469711543805674,0.41166951521803063,0.2657762923734712,1.0,1,0.6092477514768326,0.14816666418699337,True,False,False,False,False,False
LP001990,0,-1.1130858724224473,-0.9437847057661096,0.10949120972920436,0.2657762923734712,1.0,0,-1.7010329288299135,-0.03629488086459392,True,False,True,False,False,True
LP001993,0,-0.1303537941969925,0.2495749994356359,0.2857618879310197,0.2657762923734712,1.0,1,0.05888755385709221,0.07130768708216553,False,False,False,False,False,False
LP001994,0,-0.8899911895108799,0.3906865612151941,-0.4948654012484482,0.2657762923734712,0.0,0,-0.5392184444889877,-0.40521797096776907,False,False,False,False,False,True
LP001998,2,2.047608047727185,-0.9437847057661096,1.544838160801129,0.2657762923734712,1.0,1,1.2083805412363822,0.8398974581304475,True,True,True,False,False,False
LP002002,0,-0.6016413118476789,-0.9437847057661096,-0.9984959103964919,0.2657762923734712,1.0,1,-1.2302490657540721,-0.7126538793870822,False,False,False,False,True,False
LP002004,0,-0.5960639447748897,0.7789224316949936,-0.31859472304663283,0.2657762923734712,1.0,1,0.009601566010548292,-0.2976154030210098,True,False,True,False,True,False
LP002006,0,-0.8303133618320355,-0.9437847057661096,-1.7035786232037533,0.2657762923734712,1.0,1,-1.4407413055153535,-1.14306415117412,False,False,False,False,False,False
LP002008,2,0.9761958330443823,-0.9437847057661096,0.5123956170476394,-3.944401796085759,1.0,1,0.22214738859876895,2.183507184834122,True,True,False,True,False,False
LP002024,0,-0.8492764098795188,0.3763605143340207,0.8901184989086722,0.2657762923734712,1.0,0,-0.5120084720320416,0.4402307771853405,True,True,False,False,False,False
LP002031,1,-0.33281221893924,0.23095113849011048,-0.31859472304663283,-2.4799920261868964,1.0,1,-0.14082337606275763,0.08547847011903553,True,True,True,False,False,True
LP002035,2,-0.15545194602454385,-0.9437847057661096,-0.09196099393001314,0.2657762923734712,1.0,1,-0.8195325003662062,-0.15926924423231917,True,True,False,False,True,False
LP002036,0,-1.08073714340027,0.5848044964550939,-0.8977698085668832,0.2657762923734712,1.0,1,-0.5756695396671607,-0.6511666977032196,True,True,False,False,False,True
LP002043,1,-0.2536136065056335,-0.9437847057661096,-0.2934131975892307,0.2657762923734712,1.0,1,-0.9098901447515367,-0.2822436076000442,False,False,False,False,True,False
LP002050,1,3.3488077858089023,-0.9437847057661096,0.7893923970790635,0.2657762923734712,1.0,0,2.4061327250487463,0.37874359550147807,True,True,False,True,False,False
LP002051,0,-0.8899911895108799,0.60844247380903,-0.21786862121702408,0.2657762923734712,1.0,1,-0.3831461496415986,-0.2361282213371474,True,True,False,False,True,False
LP002053,3,0.19313349602478036,-0.8084035627390209,0.008765107899595607,0.2657762923734712,1.0,1,-0.40162839508405257,-0.09778206254845673,True,True,False,False,True,False
LP002054,2,-0.22014940406889844,0.19513602128717694,0.10949120972920436,0.2657762923734712,1.0,1,-0.0627872286390631,-0.03629488086459392,True,True,True,False,False,False
LP002055,0,-0.46276487173522807,1.1943777912490228,0.21021731155881312,0.2657762923734712,1.0,1,0.4300726498263761,0.025192300819268904,False,False,False,False,False,False
LP002068,0,0.5138321027101587,-0.9437847057661096,0.15985426064400873,0.2657762923734712,0.0,1,-0.2034576522844072,-0.00555129002266309,True,False,False,False,False,False
LP002082,0,1.0163528759684644,0.6034283574006193,1.5196566353437269,0.2657762923734712,1.0,1,1.368046606030915,0.8245256627094812,True,True,False,True,True,False
LP002086,0,0.18811386565927007,0.8118723395216925,-0.34377624850403504,0.2657762923734712,1.0,0,0.755052132189525,-0.3129871984419754,False,True,False,False,False,True
LP002087,0,-0.834217518782988,-0.9437847057661096,-1.4265818431723292,0.2657762923734712,1.0,1,-1.4443350754624973,-0.9739744015434979,False,False,False,False,False,True
LP002097,1,0.21655843773049493,0.3405453971310871,-0.16750557030221971,0.2657762923734712,1.0,1,0.44342093820148176,-0.20538463049521619,True,False,False,False,False,True
LP002098,0,-0.5916020511166583,-0.9437847057661096,-0.6459545539928613,0.2657762923734712,1.0,1,-1.2210079430328453,-0.49744874349356333,True,False,False,False,True,False
LP002100,0,-0.648491195259108,-0.9437847057661096,-1.3258557413427203,0.2657762923734712,1.0,1,-1.273374305119798,-0.9124872198596353,True,False,False,False,False,True
LP002103,1,3.255665755693323,0.36919749089343395,1.4692935844289225,-2.4799920261868964,1.0,1,3.2614499724689776,1.4219179719710489,True,True,False,True,False,True
LP002106,0,0.840665813175605,2.2724128190573225,-1.3510372668001225,0.2657762923734712,1.0,1,2.4025389551016025,-0.9278590152806011,True,True,False,True,True,False
LP002110,1,0.6995584262340385,-0.45096869305374415,0.9153000243660744,0.2657762923734712,1.0,1,0.32071936429185677,0.4556025726063063,True,True,False,False,False,False
LP002112,2,-0.834217518782988,2.351206076903776,1.3182044316845094,0.2657762923734712,1.0,1,0.9172851755177321,0.7015512993417568,True,True,False,True,False,False
LP002113,3,-1.2079011126598636,-0.9437847057661096,0.10949120972920436,0.2657762923734712,0.0,0,-1.7883101989748351,-0.03629488086459392,False,False,True,False,False,True
LP002114,0,0.09162541530001714,-0.9437847057661096,-1.3258557413427203,0.2657762923734712,1.0,1,-0.5920982022826754,-0.9124872198596353,False,False,False,False,True,False
LP002115,3,-0.7522302228129869,0.19298711425500092,1.242659855312303,0.2657762923734712,1.0,0,-0.5541069199842978,0.6554359130788594,True,True,True,False,False,False
LP002116,0,-0.902261397071016,-0.9437847057661096,-1.955393877777775,0.2657762923734712,1.0,0,-1.506969351684147,-1.2967821053837765,False,False,False,False,False,False
LP002119,1,0.3113736779679111,-0.06344912491800322,0.86493697345127,0.2657762923734712,1.0,1,0.24114302974795776,0.4248589817643751,True,True,True,False,False,True
LP002126,3,-0.45886071478427565,-0.9437847057661096,-1.2503111649705139,0.2657762923734712,1.0,1,-1.0988197648299551,-0.8663718335967384,True,True,True,False,True,False
LP002128,2,-0.7879253720788377,0.7251997558905934,0.033946633356997796,0.2657762923734712,1.0,1,-0.20551123511134653,-0.08241026712749093,True,True,False,False,False,False
LP002129,0,-0.8347752554902669,0.8168864559301032,0.9153000243660744,0.2657762923734712,1.0,1,-0.1829218240150139,0.4556025726063063,True,True,False,False,True,False
LP002130,0,-0.2636528672366541,1.369871865543397,0.7138478207068569,0.2657762923734712,0.0,0,0.7391368652807453,0.33262820923858105,True,True,True,False,False,False
LP002131,2,-0.5090570184393783,0.6091587761530887,0.059128158814399985,0.2657762923734712,1.0,1,-0.031983486234973144,-0.06703847170652552,True,True,True,False,False,True
LP002139,0,2.837363225234134,-0.9437847057661096,2.6276437554694234,0.2657762923734712,1.0,1,1.9353488619729051,1.50088466123197,True,True,False,False,True,False
LP002141,3,-0.7416332253746875,0.5482730769081017,-0.7214991303650679,0.2657762923734712,1.0,1,-0.28970813101585907,-0.5435641297564601,True,True,False,False,False,False
LP002142,0,0.8389926030537682,-0.9437847057661096,-0.469683875791046,0.2657762923734712,0.0,0,0.09585204474200015,-0.38984617554680384,False,True,False,True,False,False
LP002143,0,-0.8771632452434647,-0.5820520220164809,0.15985426064400873,0.2657762923734712,1.0,1,-1.224601712979989,-0.00555129002266309,False,True,False,False,True,False
LP002144,0,-0.10190922212576765,-0.9437847057661096,-0.1926870957596219,-2.4799920261868964,1.0,1,-0.7702465125196623,0.17959392799593848,False,False,False,False,False,True
LP002149,2,2.4190606947749447,1.3247448178677008,1.0412076516530853,0.2657762923734712,1.0,1,3.176226285150995,0.5324615497111346,True,True,False,False,False,False
LP002151,1,-0.0673295462744747,-0.9437847057661096,-1.4265818431723292,0.2657762923734712,1.0,0,-0.7384159787021026,-0.9739744015434979,True,True,False,False,False,True
LP002158,0,-0.5553491651435286,0.2495749994356359,-0.5955915030780569,2.09628850474705,0.0,0,-0.33231997467485014,-0.5164963525950443,True,True,True,False,False,True
LP002160,3,0.6532662795298882,1.3247448178677008,1.922561042662162,0.2657762923734712,1.0,1,1.5508154776285155,1.0704743894449313,True,True,False,False,True,False
LP002161,1,0.4056311814980484,-0.9437847057661096,-1.0740404867686986,0.2657762923734712,1.0,0,-0.3030564193909647,-0.758769265649979,False,False,False,False,True,False
LP002170,2,0.5601242494143088,1.6828959898970361,2.8290959591286406,0.2657762923734712,1.0,1,1.7217762479712146,1.623859024599695,True,True,False,False,True,False
LP002175,0,0.4206900725945792,0.7273486629227693,0.15985426064400873,0.2657762923734712,1.0,1,0.90855744850324,-0.00555129002266309,True,True,False,False,False,True
LP002178,0,-0.5480985879489026,1.2287603037638388,-0.7214991303650679,-0.649479813813318,1.0,1,0.3761661006192187,-0.4917637106999108,True,True,False,False,False,True
LP002180,0,1.5763205300764989,-0.9437847057661096,0.4368510406754328,0.2657762923734712,1.0,1,0.7745611690454487,0.16353845960795918,True,False,False,True,False,False
LP002181,0,1.238332085465474,-0.9437847057661096,0.2353988370162153,0.2657762923734712,1.0,0,0.4634433707641402,0.040564096240233924,True,False,True,False,False,False
LP002187,0,-0.834217518782988,-0.9437847057661096,-0.6963176049076657,2.09628850474705,1.0,0,-1.4443350754624973,-0.5759918862811703,True,False,False,False,True,False
LP002188,0,0.6292836011168947,-0.9437847057661096,0.008765107899595607,0.2657762923734712,0.0,0,-0.09718474099029686,-0.09778206254845673,True,False,False,False,False,False
LP002190,1,1.299125386558876,-0.9437847057661096,1.2930229062271072,0.2657762923734712,1.0,1,0.519403502798237,0.6861795039207906,True,True,False,False,True,False
LP002197,2,0.6633055402609088,-0.9437847057661096,0.7893923970790635,0.2657762923734712,1.0,1,-0.06586760287947209,0.37874359550147807,True,True,False,False,True,False
LP002205,1,-0.5207694892922357,0.47950805187846923,-0.31859472304663283,-2.4799920261868964,0.0,0,-0.13568941899540932,0.08547847011903553,True,False,False,False,False,True
LP002209,0,-0.6869750280613534,0.10130041421549106,-0.34377624850403504,0.2657762923734712,1.0,1,-0.559754272758381,-0.3129871984419754,False,False,False,False,False,True
LP002211,0,0.45805843198226676,-0.2826376421999565,-0.09196099393001314,-2.4799920261868964,1.0,1,0.21906701435835996,0.25488629429746024,True,True,False,False,False,True
LP002219,3,2.651636901710254,2.6348618051510098,0.15985426064400873,0.2657762923734712,1.0,1,4.329313042477429,-0.00555129002266309,True,True,False,False,False,False
LP002223,0,0.17528592139185495,-0.9437847057661096,0.15985426064400873,0.2657762923734712,1.0,1,-0.5150888462724506,-0.00555129002266309,True,True,False,False,True,False
LP002224,0,-0.5168653323412832,-0.9437847057661096,-1.3258557413427203,2.09628850474705,1.0,0,-1.1522129183303778,-0.9478389718194583,True,False,False,False,False,True
LP002225,2,0.7781993019603661,-0.9437847057661096,0.15985426064400873,0.2657762923734712,1.0,1,0.03989191270790341,-0.00555129002266309,True,True,False,False,False,True
LP002226,0,-0.36962284161964865,0.8469711543805674,0.10949120972920436,0.2657762923734712,1.0,1,0.2668128150846994,-0.03629488086459392,True,True,False,False,True,False
LP002231,0,1.1178609566932276,-0.9437847057661096,0.8145739225364657,0.2657762923734712,1.0,1,0.3525498981094164,0.39411539092244385,False,False,False,False,False,True
LP002234,0,1.7687396940877258,-0.9437847057661096,0.10949120972920436,0.2657762923734712,1.0,1,0.9516826878689659,-0.03629488086459392,True,False,False,True,False,True
LP002236,2,0.31806651845525813,-0.9437847057661096,-0.5955915030780569,0.2657762923734712,1.0,0,-0.3836595453483334,-0.46670515265163187,True,True,False,False,False,True
LP002237,1,-0.1833387813884898,-0.9437847057661096,-0.26823167213182847,-2.4799920261868964,1.0,1,-0.8452022857029479,0.1231246532697968,True,False,False,False,False,True
LP002239,0,-0.9201089717039415,0.20229904472776364,0.21021731155881312,0.2657762923734712,1.0,1,-0.7019648835239296,0.025192300819268904,True,False,True,False,True,False
LP002243,0,-0.5497717980707394,1.302539445201882,0.10949120972920436,0.2657762923734712,0.0,0,0.42750567129270195,-0.03629488086459392,True,True,True,False,False,True
LP002244,0,-0.9273595488985674,0.7875180598236977,0.31094341338842185,0.2657762923734712,1.0,1,-0.2891947353091242,0.08667948250313094,True,True,False,False,False,True
LP002250,0,0.8322997625664212,-0.9437847057661096,0.033946633356997796,0.2657762923734712,1.0,1,0.08969129626118216,-0.08241026712749093,True,True,False,False,False,False
LP002255,3,2.884213108645563,-0.9437847057661096,1.544838160801129,0.2657762923734712,1.0,1,1.9784741013386309,0.8398974581304475,True,False,False,False,False,False
LP002263,0,-0.7879253720788377,0.5711947519179791,-0.09196099393001314,0.2657762923734712,1.0,1,-0.3158913120593355,-0.15926924423231917,True,True,False,False,False,True
LP002265,2,-1.1169900293733996,0.22020660332923042,-0.26823167213182847,-2.4799920261868964,1.0,1,-0.8703586753329546,0.1231246532697968,True,True,True,False,True,False
LP002266,2,-0.4995754944156367,0.059038575916029484,-0.26823167213182847,0.2657762923734712,1.0,1,-0.4175436619928323,-0.2668718121790786,True,True,False,False,False,True
LP002272,2,-0.401413833934547,-0.5970943712417129,0.2857618879310197,0.2657762923734712,1.0,1,-0.7974564849766084,0.07130768708216553,True,True,False,False,True,False
LP002277,0,-0.4549565578333232,-0.9437847057661096,-1.3258557413427203,0.2657762923734712,0.0,0,-1.0952259948828114,-0.9124872198596353,False,False,False,False,False,True
LP002281,0,-0.5369438538033242,0.10130041421549106,-0.7214991303650679,0.2657762923734712,1.0,1,-0.421650827646711,-0.5435641297564601,True,True,False,False,False,True
LP002284,0,-0.05227065517794389,0.2495749994356359,-0.3689577739614372,0.2657762923734712,1.0,1,0.13076295279996877,-0.3283589938629412,True,False,True,False,False,False
LP002287,0,-1.3919542260619067,0.3455595135394978,-0.5200469267058504,0.2657762923734712,0.0,0,-1.0336185100746313,-0.4205897663887351,False,False,False,False,True,False
LP002288,2,-0.6172579396514886,-0.9437847057661096,-1.9805754032351772,-2.4799920261868964,0.0,0,-1.2446241455426474,-1.1568455738560748,True,True,True,False,False,True
LP002296,0,-0.6919946584268637,-0.9437847057661096,-1.4769448940871335,-0.649479813813318,1.0,0,-1.313419170245115,-0.9692756003993691,True,False,True,False,False,False
LP002300,0,-1.1337221305917673,-0.9437847057661096,-1.7791231995759598,0.2657762923734712,1.0,1,-1.7200285699791025,-1.1891795374370169,False,False,True,False,True,False
LP002301,0,1.9215595518821496,-0.9437847057661096,1.7714718899177488,0.2657762923734712,1.0,0,1.0923531115143101,0.9782436169191385,False,False,False,True,False,False
LP002305,0,0.3074695210169587,-0.9437847057661096,-0.21786862121702408,0.2657762923734712,1.0,1,-0.39341406377629523,-0.2361282213371474,False,False,False,False,True,False
LP002308,0,-1.0199438423068679,0.7753409199747003,-0.21786862121702408,0.2657762923734712,1.0,1,-0.3831461496415986,-0.2361282213371474,True,True,True,False,False,True
LP002314,0,-0.9942879537720376,-0.9437847057661096,-1.4517633686297313,0.2657762923734712,1.0,1,-1.5916796432953944,-0.9893461969644634,False,False,True,False,False,False
LP002315,1,2.4006553834347404,-0.9437847057661096,0.7138478207068569,-0.649479813813318,0.0,0,1.5333600235995313,0.4155088797290598,True,True,False,False,True,False
LP002318,1,-0.07179143993270605,-0.9437847057661096,-1.5524894704593402,0.2657762923734712,1.0,0,-0.7425231443559813,-1.0508333786483262,False,False,True,True,True,False
LP002319,0,1.260641553756631,-0.9437847057661096,0.9153000243660744,0.2657762923734712,1.0,1,0.48397919903353354,0.4556025726063063,True,True,False,False,False,True
LP002328,0,1.1714036805920038,-0.9437847057661096,2.3758285008954014,0.2657762923734712,0.0,0,0.4018358859559603,1.347166707022313,True,True,True,False,False,False
LP002332,0,-0.9719784854808808,0.5124579597051682,-0.34377624850403504,0.2657762923734712,1.0,1,-0.5274103432340865,-0.3129871984419754,True,True,True,False,False,False
LP002335,0,-1.0299831030378883,1.3748859819518078,1.3685674825993137,0.2657762923734712,0.0,0,0.037324934174229246,0.732294890183688,False,True,True,False,True,False
LP002337,0,-0.5581378486799232,-0.9437847057661096,-1.6028525213741445,0.2657762923734712,1.0,1,-1.1902042006287552,-1.0815769694902573,False,False,False,False,False,True
LP002341,1,-0.778443848055096,-0.9437847057661096,0.9153000243660744,0.2657762923734712,1.0,0,-1.3929955047890141,0.4556025726063063,False,False,False,False,False,True
LP002345,0,-1.656879162019393,1.0425216943085844,-0.2934131975892307,0.2657762923734712,1.0,1,-0.7779474481206847,-0.2822436076000442,True,True,False,False,False,False
LP002347,0,-0.4181459351529146,0.07121571576502689,0.36130646430322627,0.2657762923734712,1.0,1,-0.3338601617950547,0.11742307334506216,True,True,False,False,True,False
LP002348,0,1.0224879797485324,-0.9437847057661096,0.36130646430322627,0.2657762923734712,1.0,1,0.26475923225776005,0.11742307334506216,True,True,False,False,False,False
LP002357,0,-0.7115154431816259,-0.9437847057661096,-1.0992220122261007,0.2657762923734712,0.0,0,-1.3313880199808341,-0.7741410610709446,False,False,True,False,False,True
LP002361,0,-1.2134784797326528,0.28753902367074546,-0.5955915030780569,0.2657762923734712,1.0,1,-0.9109169361650064,-0.46670515265163187,True,True,False,False,False,True
LP002362,1,1.815031840791876,0.2502913017796946,-0.34377624850403504,0.2657762923734712,0.0,0,1.8501251746549228,-0.3129871984419754,True,True,False,False,False,True
LP002366,0,-0.7416332253746875,2.1363153736861746,-0.06677946847261096,0.2657762923734712,1.0,1,0.8484901508152646,-0.14389744881135336,True,True,False,False,False,False
LP002367,1,0.3403759867464149,-0.9437847057661096,-1.0740404867686986,0.2657762923734712,1.0,0,-0.3631237170789401,-0.758769265649979,False,False,True,False,False,False
LP002368,2,1.081608070720098,-0.9437847057661096,0.2353988370162153,0.2657762923734712,1.0,1,0.3191791771716523,0.040564096240233924,True,True,False,False,True,False
LP002369,0,-0.599968101725842,-0.9322379113781898,-0.9229513340242854,0.2657762923734712,1.0,1,-1.2204329394100497,-0.6665384931241852,True,True,False,False,False,False
LP002370,0,-0.7131886533034626,-0.9437847057661096,-1.6028525213741445,-2.4799920261868964,1.0,1,-1.3329282071010387,-0.8744992002253676,True,False,True,False,False,True
LP002377,1,2.58136207659311,-0.9437847057661096,0.6634847697920525,0.2657762923734712,1.0,1,1.6997002325816168,0.3018846183966502,False,False,False,True,True,False
LP002379,0,1.396729310332687,-0.9437847057661096,-0.469683875791046,0.2657762923734712,0.0,0,0.6092477514768326,-0.38984617554680384,True,False,False,False,False,False
LP002387,0,-0.8760477718289068,0.7323627793311801,0.4872140915902372,0.2657762923734712,1.0,1,-0.28149379970810173,0.1942820504498904,True,True,False,False,True,False
LP002390,0,-0.13704663468433953,-0.9437847057661096,-0.5955915030780569,0.2657762923734712,1.0,1,-0.8025904420439567,-0.46670515265163187,True,False,False,False,False,True
LP002393,0,3.3750214110510113,-0.9437847057661096,0.10949120972920436,-1.5647359200001072,1.0,1,2.4302623232652834,0.1597755966086503,False,True,False,False,True,False
LP002398,0,-1.1543583887610873,0.38209093308649,-1.8546677759481662,0.2657762923734712,1.0,1,-0.7887287579621163,-1.2352949236999138,True,False,False,False,True,False
LP002401,0,-0.9942879537720376,-0.137944568700105,0.10949120972920436,0.2657762923734712,1.0,1,-1.0141094732187077,-0.03629488086459392,True,True,False,False,False,True
LP002407,0,1.7547962764057528,-0.9437847057661096,0.36130646430322627,0.2657762923734712,1.0,1,0.9388477952005951,0.11742307334506216,False,True,True,True,False,False
LP002408,0,-0.18724293833944222,2.6835703645469993,1.5952012117159335,0.2657762923734712,1.0,1,1.7510398032551002,0.8706410489723787,True,False,False,False,True,False
LP002409,0,2.1781184372304523,0.36919749089343395,1.4189305335141182,0.2657762923734712,1.0,1,2.269569467057281,0.7630384810256189,True,True,False,False,False,False
LP002418,3,0.3967073941815857,0.48380586594282127,0.6131217188772481,0.2657762923734712,1.0,1,0.7119268928237992,0.27114102755471864,True,False,True,False,True,False
LP002429,1,-0.29544385955155245,-0.07705886945511797,0.15985426064400873,0.2657762923734712,1.0,1,-0.3271860176075018,-0.00555129002266309,True,True,False,True,False,False
LP002434,2,0.36603187528124514,-0.9437847057661096,-0.34377624850403504,0.2657762923734712,1.0,1,-0.3395075145691378,-0.3129871984419754,True,True,True,False,False,False
LP002435,0,-0.2547290799201914,0.04184731965862139,-1.7287601486611555,0.2657762923734712,1.0,0,-0.20448444369787686,-1.1584359465950858,True,True,False,False,False,False
LP002443,2,-0.3657186846686962,0.2810923025742174,0.6634847697920525,0.2657762923734712,0.0,0,-0.13517602328867448,0.3018846183966502,True,True,False,False,False,False
LP002444,1,-0.6841863445249589,0.16075350877236075,1.67074578808814,0.2657762923734712,1.0,0,-0.5145754505657157,0.9167564352352753,True,False,True,True,True,False
LP002446,2,-0.9407452298732615,-0.04482526397247778,0.033946633356997796,0.2657762923734712,0.0,0,-0.8980820434966356,-0.08241026712749093,True,True,True,False,False,False
LP002447,2,-1.136510814128162,0.09915150718331504,-1.6028525213741445,-0.649479813813318,1.0,1,-0.9750913995068604,-1.048860915349279,True,True,True,False,False,True
LP002448,0,-0.02661476664311363,0.2975672564875669,0.6383032443346504,0.2657762923734712,0.0,0,0.18877666766100484,0.2865128229756844,True,True,False,False,False,False
LP002449,0,-0.8436990428067296,0.8226168746825726,-0.8474067576520788,-2.4799920261868964,0.0,1,-0.18702898966889256,-0.3098064529639538,True,True,False,False,False,False
LP002453,0,1.7230052840908545,-0.9437847057661096,-0.9984959103964919,0.2657762923734712,1.0,1,0.9095842399167097,-0.7126538793870822,True,False,False,True,True,False
LP002455,2,-0.0762533335909374,-0.9437847057661096,-0.6963176049076657,0.2657762923734712,1.0,1,-0.74663031000986,-0.5281923343354943,True,True,False,False,True,False
LP002459,0,0.1702662910263447,-0.9437847057661096,-0.14232404484481753,0.2657762923734712,1.0,1,-0.5197094076330641,-0.19001283507425037,True,True,False,False,False,True
LP002467,0,-0.16047157639005413,0.8963960161206157,1.242659855312303,0.2657762923734712,1.0,0,0.49476050887496503,0.6554359130788594,True,True,False,False,False,True
LP002472,2,0.19982633651212736,-0.9437847057661096,0.31094341338842185,0.2657762923734712,1.0,1,-0.4924994351761179,0.08667948250313094,True,False,False,False,False,False
LP002473,0,2.4196184314822236,-0.9437847057661096,0.9153000243660744,0.2657762923734712,1.0,0,1.5508154776285155,0.4556025726063063,True,True,False,False,True,False
LP002478,0,-1.0667937257182971,1.9808777650254432,0.9153000243660744,0.2657762923734712,1.0,1,0.4377735854273986,0.4556025726063063,True,True,False,True,True,False
LP002484,3,2.0883228273585464,-0.9437847057661096,0.10949120972920436,-2.4799920261868964,1.0,1,1.245858427828025,0.40547102690050413,True,True,False,False,False,True
LP002487,0,-0.5469831145343448,0.6234848230342621,0.7390293461642591,0.2657762923734712,1.0,1,-0.0566264801582451,0.34800000465954684,True,True,False,False,False,False
LP002489,1,0.6666519605045823,-0.9437847057661096,0.21021731155881312,0.2657762923734712,1.0,1,-0.0627872286390631,0.025192300819268904,False,False,True,False,True,False
LP002493,0,0.09497183554369065,-0.9437847057661096,-0.6459545539928613,0.2657762923734712,0.0,0,-0.5890178280422664,-0.49744874349356333,True,False,False,False,True,False
LP002494,0,1.1178609566932276,-0.9437847057661096,0.41166951521803063,0.2657762923734712,1.0,1,0.3525498981094164,0.14816666418699337,True,False,False,False,False,False
LP002500,3,-0.5849092106293112,0.2481423947475186,-1.3510372668001225,-2.4799920261868964,0.0,0,-0.36055673854526593,-0.6862682844715631,True,True,True,False,False,True
LP002502,2,-2.111434578451712,1.145669231853033,-0.6459545539928613,0.2657762923734712,1.0,1,-1.1224359673397575,-0.49744874349356333,False,True,True,False,True,False
LP002505,0,0.18811386565927007,0.8118723395216925,-0.34377624850403504,0.2657762923734712,1.0,0,0.755052132189525,-0.3129871984419754,True,True,False,False,False,True
LP002515,1,-0.30436764686801515,0.545407867531867,0.9656630752808788,0.2657762923734712,1.0,1,0.11074052023731029,0.4863461634482375,True,True,False,True,True,False
LP002517,1,-0.7488838025693134,0.13066881032189656,-0.26823167213182847,-2.4799920261868964,0.0,0,-0.5956919722298192,0.1231246532697968,True,True,True,False,False,False
LP002519,3,0.387783606865123,-0.9437847057661096,-0.5955915030780569,0.2657762923734712,1.0,1,-0.31948508200647935,-0.46670515265163187,True,True,False,False,True,False
LP002522,0,-0.834217518782988,-0.9437847057661096,-0.7718621812798723,0.2657762923734712,1.0,1,-1.4443350754624973,-0.5743077205983913,False,False,False,True,False,True
LP002524,2,0.8568401776866936,2.3855885894185924,0.9656630752808788,0.2657762923734712,1.0,1,2.4985439522610164,0.4863461634482375,True,False,False,False,False,False
LP002529,2,1.5082766517884707,0.30974439633656425,2.6780068063842277,-0.649479813813318,1.0,1,1.610369379609756,1.6570397929476515,True,True,False,False,True,False
LP002530,2,-0.6261817269679513,0.3971332823117221,0.21021731155881312,0.2657762923734712,0.0,0,-0.29176171384279836,0.025192300819268904,True,True,False,False,True,False
LP002533,2,-0.5849092106293112,0.20444795175993966,0.10949120972920436,0.2657762923734712,1.0,0,-0.39187387665609075,-0.03629488086459392,True,True,False,False,False,True
LP002534,0,0.1975953896830117,-0.9437847057661096,0.7642108716216612,0.2657762923734712,1.0,1,-0.49455301800305723,0.3633718000805123,False,False,True,False,False,False
LP002536,3,-0.5023641779520313,-0.9437847057661096,-0.26823167213182847,0.2657762923734712,1.0,1,-1.138864629955272,-0.2668718121790786,True,True,True,False,False,False
LP002537,0,-1.0667937257182971,1.3125676780187034,0.10949120972920436,0.2657762923734712,1.0,1,-0.04122460895620012,-0.03629488086459392,True,True,False,False,True,False
LP002544,1,-1.136510814128162,0.8011278043608124,0.18503578610141092,0.2657762923734712,1.0,1,-0.4719636069067246,0.009820505398302712,True,True,True,False,False,False
LP002545,2,-0.25026718626196004,-0.9437847057661096,-1.0992220122261007,0.2657762923734712,0.0,0,-0.9068097705111278,-0.7741410610709446,True,False,False,False,False,False
LP002555,2,0.32754804247899977,0.5482730769081017,0.9153000243660744,0.2657762923734712,1.0,1,0.6944714387948149,0.4556025726063063,True,True,False,True,True,False
LP002556,0,-0.8704704047561177,-0.9437847057661096,-1.2251296395131117,0.2657762923734712,1.0,0,-1.4777057964002616,-0.8510000381757726,True,False,False,False,False,True
LP002560,0,-0.7232279140344832,1.0511173224372885,-0.6963176049076657,0.2657762923734712,1.0,1,0.08763771343424283,-0.5281923343354943,True,False,True,False,True,False
LP002562,1,0.7458505729381888,-0.13364675463575296,1.5700196862585314,0.2657762923734712,1.0,1,0.5907655060343787,0.8552692535514133,True,True,True,False,False,True
LP002571,0,-0.16995310041379574,-0.9437847057661096,-0.34377624850403504,0.2657762923734712,1.0,1,-0.8328807887413119,-0.3129871984419754,True,False,True,False,False,False
LP002585,0,-0.2223803508980141,0.6012794503684433,-0.11714251938741534,0.2657762923734712,0.0,0,0.22625455425264762,-0.17464103965328495,True,True,False,False,False,False
LP002586,1,-0.37352699857060107,-0.2898006656405432,-0.469683875791046,-3.944401796085759,1.0,1,-0.5515399414506237,1.0494218841139114,False,True,False,False,True,False
LP002587,0,-0.778443848055096,0.27392927913363074,-0.4193208248762416,0.2657762923734712,1.0,1,-0.5202228033397989,-0.35910258470487244,True,True,True,False,False,False
LP002588,0,0.35097298418471434,1.102691091209513,-0.31859472304663283,-5.042709123509907,1.0,1,1.113402335490438,15.089670264004305,True,True,False,False,False,True
LP002600,1,-0.6139115194078151,-0.9437847057661096,-0.7214991303650679,0.2657762923734712,1.0,1,-1.2415437713022386,-0.5435641297564601,True,True,False,True,True,False
LP002602,0,1.2757004448531617,2.219406445596981,2.149194771778782,0.2657762923734712,0.0,0,2.764996324056394,1.2088205482336225,True,False,False,False,False,False
LP002603,0,-1.8688191107853822,1.694356827401975,-0.26823167213182847,2.09628850474705,1.0,1,-0.5058477235512235,-0.323135868115135,False,False,False,False,False,False
LP002606,0,-0.4666690286861805,-0.9437847057661096,-0.5955915030780569,0.2657762923734712,1.0,1,-1.1060073047242427,-0.46670515265163187,False,False,False,False,True,False
LP002615,2,0.4848297939316548,3.084699677219855,2.1240132463213794,0.2657762923734712,1.0,1,2.6571832256420795,1.1934487528126574,True,True,False,False,True,False
LP002618,1,0.03027437749933608,2.854050322432963,0.36130646430322627,0.2657762923734712,1.0,0,2.073452307084575,0.11742307334506216,True,True,True,False,False,False
LP002619,0,-0.10135148541848873,0.11849167047289916,0.008765107899595607,-0.649479813813318,1.0,1,-0.008367283725170845,-0.030168883990434936,True,True,True,False,True,False
LP002625,0,-0.23018866479991898,-0.9437847057661096,-0.6963176049076657,0.2657762923734712,1.0,0,-0.8883275250686737,-0.5281923343354943,True,False,False,False,False,True
LP002626,0,-0.8459299896358452,1.2144342568826656,1.6203827371733357,0.2657762923734712,1.0,1,0.0917448790881215,0.886012844393344,True,True,False,True,False,True
LP002637,0,-0.22182261419073518,-0.021903588962600317,-0.5955915030780569,0.2657762923734712,1.0,0,-0.21988631489992183,-0.46670515265163187,True,False,True,False,False,False
LP002643,2,-0.3975096769835946,0.5138905643932854,0.6131217188772481,0.2657762923734712,1.0,1,0.002414026116260638,0.27114102755471864,True,True,False,False,False,True
LP002659,3,-0.29544385955155245,1.5116997296670138,0.6634847697920525,0.2657762923734712,1.0,1,0.8115256599303566,0.3018846183966502,True,True,False,False,False,False
LP002670,2,-1.0957960344968007,0.2252207197376411,-0.26823167213182847,2.09628850474705,1.0,1,-0.8472558685298872,-0.323135868115135,False,True,False,False,True,False
LP002682,0,-0.5140766488048886,0.3455595135394978,-0.01641641755780658,0.2657762923734712,0.0,0,-0.22553366767400498,-0.11315385796942254,True,True,True,False,True,False
LP002683,0,0.3833217132068916,0.42793428310624493,1.544838160801129,0.2657762923734712,1.0,0,0.6595605307368463,0.8398974581304475,True,False,False,False,True,False
LP002684,0,-0.3322544822319611,-0.9437847057661096,-0.7214991303650679,0.2657762923734712,1.0,0,-0.9822789394011481,-0.5435641297564601,False,False,True,False,False,False
LP002689,2,-1.006000424624895,0.30401397758409493,-1.9805754032351772,0.2657762923734712,1.0,1,-0.7081256320047475,-1.312153900804742,True,True,True,False,True,False
LP002690,0,-0.834217518782988,-0.9437847057661096,-1.7287601486611555,0.2657762923734712,1.0,1,-1.4443350754624973,-1.1584359465950858,True,False,False,False,True,False
LP002692,3,0.9377120002421369,0.07622983217343758,-0.5955915030780569,0.2657762923734712,1.0,1,0.917798571224467,-0.46670515265163187,True,True,False,True,False,False
LP002697,0,0.3816485030850549,0.5511382862843364,0.10949120972920436,0.2657762923734712,1.0,0,0.746324405175033,-0.03629488086459392,True,False,False,False,True,False
LP002705,0,-0.12310321700236657,-0.9437847057661096,-0.34377624850403504,0.2657762923734712,1.0,1,-0.7897555493755859,-0.3129871984419754,True,True,False,False,True,False
LP002706,1,0.7190792109888007,0.08052764623778962,0.9404815498234765,0.2657762923734712,0.0,1,0.7196278284248216,0.4709743680272717,True,True,True,False,True,False
LP002714,1,-0.7343826481800615,-0.011159053801720255,-0.74668065582247,0.2657762923734712,1.0,1,-0.6839960337882104,-0.5589359251774257,True,False,True,False,True,False
LP002716,0,1.5545687984926209,-0.9437847057661096,0.15985426064400873,0.2657762923734712,1.0,1,0.7545387364827902,-0.00555129002266309,True,False,True,False,True,False
LP002717,0,-1.656879162019393,2.99587818655658,2.325465449980597,0.2657762923734712,1.0,1,0.6220826441452034,1.3164231161803819,True,True,False,False,False,False
LP002720,3,0.1591115568807663,-0.9437847057661096,-0.5955915030780569,0.2657762923734712,1.0,1,-0.5299773217677607,-0.46670515265163187,True,True,False,False,False,True
LP002723,2,-0.22739998126352437,-0.9437847057661096,-0.34377624850403504,0.2657762923734712,0.0,0,-0.8857605465349996,-0.3129871984419754,True,False,False,False,False,False
LP002732,0,-0.806330683419042,0.5189046808016962,0.059128158814399985,0.2657762923734712,1.0,1,-0.37031125697322775,-0.06703847170652552,True,False,True,False,False,False
LP002738,2,-0.21122561675243573,-0.9437847057661096,-0.4193208248762416,0.2657762923734712,1.0,1,-0.8708720710396894,-0.35910258470487244,True,False,False,False,True,False
LP002739,0,-0.6016413118476789,-0.5598466493506621,-1.4517633686297313,0.2657762923734712,1.0,0,-0.955068966944202,-0.9893461969644634,True,True,True,False,False,False
LP002740,3,1.3504371636285366,-0.9437847057661096,0.8397554479938678,-2.4799920261868964,1.0,1,0.5666359078178416,0.9513406825865375,True,True,False,False,False,False
LP002741,1,0.34149146016097276,1.0940954630808088,0.41166951521803063,-2.4799920261868964,1.0,1,1.098513859995128,0.6313481258050694,False,True,False,False,True,False
LP002743,0,-1.0361182068179566,-0.9437847057661096,-0.6207730285354591,0.2657762923734712,0.0,0,-1.6301843213005067,-0.4820769480725975,False,False,False,False,True,False
LP002753,1,-0.19170483199767357,-0.9437847057661096,-0.7214991303650679,0.2657762923734712,1.0,1,-0.8529032213039703,-0.5435641297564601,False,False,False,False,True,False
LP002755,1,-0.9797867993827858,0.8641624106379755,0.10949120972920436,0.2657762923734712,1.0,1,-0.2825205911215714,-0.03629488086459392,True,True,True,False,False,True
LP002757,0,-0.5458676411197869,-0.4688762516552109,-0.5452284521632526,0.2657762923734712,1.0,1,-0.838528141515395,-0.43596156180970047,False,True,True,False,True,False
LP002767,0,-0.6847440812322377,0.4530048651482984,0.7893923970790635,0.2657762923734712,1.0,1,-0.3056233979246389,0.37874359550147807,True,True,False,False,False,False
LP002768,0,-0.35567942393767565,-0.9437847057661096,-1.0992220122261007,-4.6766066810351905,1.0,0,-1.003841559084011,2.5177257790595102,True,False,True,False,True,False
LP002772,0,-0.8197163643937361,0.3333823736905004,0.5375771425050415,0.2657762923734712,1.0,1,-0.5156022419791854,0.2250256412918216,True,False,False,False,False,False
LP002776,0,0.5601242494143088,-0.9437847057661096,-0.5200469267058504,0.2657762923734712,0.0,0,-0.1608458086254161,-0.4205897663887351,False,False,False,False,True,False
LP002777,0,-0.6752625572084962,0.5002808198561707,-0.34377624850403504,0.2657762923734712,1.0,1,-0.26301155426564776,-0.3129871984419754,True,True,False,False,False,False
LP002778,2,1.4709082924007832,-0.9437847057661096,0.10949120972920436,0.2657762923734712,0.0,0,0.6775293804725654,-0.03629488086459392,True,True,False,True,False,False
LP002784,1,-0.8386794124412194,0.7574333613732336,0.10949120972920436,0.2657762923734712,1.0,1,-0.22912743762114882,-0.03629488086459392,True,True,True,False,False,False
LP002785,1,-0.36962284161964865,1.3841979124245705,0.86493697345127,0.2657762923734712,1.0,1,0.6518595951358238,0.4248589817643751,True,True,False,False,False,True
LP002788,0,-0.8598734073178183,0.7273486629227693,1.4441120589715204,0.2657762923734712,0.0,0,-0.2701990941599354,0.778410276446585,True,True,True,False,False,True
LP002789,0,-0.2246112977271298,2.11196109398818,0.21021731155881312,-2.4799920261868964,0.0,0,1.30695251692947,0.48076339320202627,True,True,False,False,False,False
LP002792,1,0.8211450284208428,-0.20456068669756136,-2.459024386925819,0.2657762923734712,1.0,1,0.6092477514768326,-1.604218013803089,True,True,False,False,True,False
LP002794,0,-0.7410754886674086,0.22020660332923042,-0.9984959103964919,0.2657762923734712,1.0,1,-0.5243299689936776,-0.7126538793870822,False,False,False,False,False,True
LP002798,0,-0.060636705787127675,0.9680262505264827,0.9656630752808788,0.2657762923734712,1.0,1,0.6379979110539833,0.4863461634482375,True,True,False,False,True,False
LP002804,0,0.10278014944559552,0.7080084996331852,1.4692935844289225,0.2657762923734712,1.0,1,0.602060211582545,0.7937820718675497,False,True,False,False,True,False
LP002807,2,-0.17887688773025845,-0.7704395385039113,-0.3941392994188394,0.2657762923734712,1.0,1,-0.7168533590192397,-0.3437307892839068,True,True,True,False,True,False
LP002820,0,1.074915230232751,0.5275003089304002,2.199557822693586,0.2657762923734712,1.0,1,1.3675332103241802,1.2395641390755536,True,True,False,False,False,False
LP002821,0,1.006313615237444,-0.9437847057661096,0.21021731155881312,0.2657762923734712,1.0,1,0.2498707567624499,0.025192300819268904,True,False,True,True,True,False
LP002833,0,0.2628505844346452,-0.9437847057661096,-0.09196099393001314,0.2657762923734712,1.0,1,-0.4344857203150818,-0.15926924423231917,True,True,True,False,False,False
LP002836,0,-0.36962284161964865,-0.9437847057661096,-1.3510372668001225,0.2657762923734712,1.0,1,-1.0166764517523819,-0.9278590152806011,True,False,False,False,False,True
LP002837,3,-0.3322544822319611,0.8469711543805674,-0.01641641755780658,0.2657762923734712,0.0,0,0.3012103274359332,-0.11315385796942254,True,True,False,False,False,False
LP002841,0,-0.46276487173522807,0.534663332370987,-0.4948654012484482,0.2657762923734712,0.0,0,-0.04276479607640462,-0.40521797096776907,True,True,False,False,False,True
LP002842,1,-0.3227729582082195,0.30974439633656425,1.5700196862585314,0.2657762923734712,1.0,1,-0.07510872560069907,0.8552692535514133,True,True,False,False,False,True
LP002847,0,0.6248217074586635,0.0955699954630217,1.0412076516530853,0.2657762923734712,0.0,0,0.6436452638280664,0.5324615497111346,True,True,False,False,False,True
LP002862,2,1.1875780451030924,0.22020660332923042,1.5952012117159335,2.09628850474705,1.0,0,1.2509923848953732,0.7775315050781968,True,True,True,False,True,False
LP002863,3,1.3443020598484685,-0.9437847057661096,0.6634847697920525,0.2657762923734712,1.0,0,0.5609885550437584,0.3018846183966502,True,True,False,False,True,False
LP002868,2,-0.4666690286861805,-0.6135693251550625,-0.3941392994188394,-3.944401796085759,1.0,1,-0.8693318839194849,1.136659214938543,True,True,False,False,False,True
LP002872,0,-0.5068260716102626,0.6392434746035528,0.31094341338842185,0.2657762923734712,0.0,0,-0.008367283725170845,0.08667948250313094,True,True,False,False,True,False
LP002874,0,-0.4276274591766562,1.0181674146105897,-0.34377624850403504,0.2657762923734712,1.0,1,0.33612123549390177,-0.3129871984419754,True,False,False,False,False,True
LP002877,1,-1.2346724746092517,0.6550021261728436,-0.4193208248762416,0.2657762923734712,1.0,1,-0.6670539754659609,-0.35910258470487244,True,True,False,False,False,False
LP002888,0,-0.45384108441876536,1.145669231853033,0.9404815498234765,0.2657762923734712,1.0,1,0.4033760730761648,0.4709743680272717,True,False,False,False,False,True
LP002892,2,1.4190387786238436,-0.9437847057661096,2.0484686699491728,0.2657762923734712,1.0,1,0.629783579746226,1.1473333665497596,True,True,False,False,True,False
LP002894,0,-0.46276487173522807,-0.9437847057661096,-2.207209132351797,0.2657762923734712,1.0,1,-1.102413534777099,-1.4505000595934328,False,True,False,False,True,False
LP002898,1,-1.1800142772959175,-0.9437847057661096,-1.5776709959167423,0.2657762923734712,1.0,0,-1.7626404136380935,-1.0662051740692917,True,True,False,False,False,False
LP002911,1,-0.6741470837939383,0.4293668877943623,0.5627586679624438,0.2657762923734712,0.0,0,-0.31281093781892655,0.2403974367127874,True,True,False,False,False,False
LP002912,1,0.16022703029532415,1.2051223264099027,1.2174783298549006,-3.944401796085759,1.0,0,1.0112365898502065,2.9977222725306842,True,True,False,False,False,False
LP002916,0,-0.9474380703606085,0.14642746189118733,-0.4948654012484482,0.2657762923734712,1.0,1,-0.7671661382792533,-0.40521797096776907,True,True,False,False,False,True
LP002917,0,-1.0210593157214258,-0.9437847057661096,-1.3510372668001225,0.2657762923734712,1.0,1,-1.6163226372186663,-0.9278590152806011,False,False,True,False,True,False
LP002925,0,0.4206900725945792,-0.9437847057661096,-0.74668065582247,0.2657762923734712,1.0,1,-0.2891947353091242,-0.5589359251774257,True,False,False,False,True,False
LP002926,2,-0.7081690229379524,-0.9437847057661096,-0.44450235033364377,0.2657762923734712,0.0,0,-1.3283076457404253,-0.37447438012583806,True,True,False,True,True,False
LP002928,0,-0.5553491651435286,1.5031041015383098,-1.7035786232037533,-2.4799920261868964,1.0,1,0.5661225121111068,-0.9497915665268896,True,True,False,False,True,False
LP002931,2,1.1178609566932276,-0.9437847057661096,2.0484686699491728,-1.5647359200001072,1.0,0,0.3525498981094164,1.4613524906280022,True,True,False,True,True,False
LP002936,0,-0.0762533335909374,1.420013029627504,0.462032566132835,-2.4799920261868964,1.0,1,0.9475755222150872,0.6689943089558302,True,True,False,False,False,False
LP002940,0,-0.09075448798018929,-0.9437847057661096,-0.34377624850403504,0.2657762923734712,1.0,1,-0.7599785983849656,-0.3129871984419754,True,False,True,False,False,False
LP002941,2,1.3314741155810534,-0.22748236170743885,1.5952012117159335,0.2657762923734712,1.0,0,1.0625761605236899,0.8706410489723787,True,True,True,True,False,False
LP002943,0,-0.5625997423381546,-0.9437847057661096,-0.8977698085668832,0.2657762923734712,0.0,0,-1.194311366282634,-0.6511666977032196,True,False,False,False,True,False
LP002945,0,3.3281715276395825,-0.9437847057661096,1.4189305335141182,0.2657762923734712,1.0,1,2.3871370838995576,0.7630384810256189,True,True,False,True,False,False
LP002948,2,0.9951588810918655,-0.9437847057661096,1.7211088390029443,0.2657762923734712,1.0,1,0.23960284262775325,0.9475000260772068,True,True,False,False,False,True
LP002950,0,-0.614469256115094,1.0561314388456993,0.7893923970790635,0.2657762923734712,1.0,1,0.191343646194679,0.37874359550147807,True,True,True,False,False,False
LP002953,3,0.9522131546313888,-0.9437847057661096,0.10949120972920436,0.2657762923734712,1.0,1,0.20007137320917115,-0.03629488086459392,True,True,False,False,False,True
LP002958,0,-0.17831915102297952,2.1370316760302335,1.2174783298549006,0.2657762923734712,1.0,1,1.3675332103241802,0.640064117657894,True,False,False,False,False,False
LP002960,0,-0.8899911895108799,1.7781642016568395,0.10949120972920436,-2.4799920261868964,1.0,0,0.45522903945638293,0.40547102690050413,True,True,True,False,False,True
LP002961,1,-0.3322544822319611,0.8469711543805674,1.242659855312303,0.2657762923734712,1.0,1,0.3012103274359332,0.6554359130788594,True,True,False,False,True,False
LP002964,2,-0.004863035059235799,0.06691790170067487,0.8397554479938678,0.2657762923734712,1.0,1,0.043485682655047236,0.4094871863434097,True,True,True,False,False,False
LP002974,0,-0.42595424905481943,0.4530048651482984,-0.3941392994188394,0.2657762923734712,1.0,1,-0.06740778999967659,-0.3437307892839068,True,True,False,False,False,False
LP002978,0,-0.6111228358714205,-0.9437847057661096,-1.3258557413427203,0.2657762923734712,1.0,1,-1.2389767927685644,-0.9124872198596353,False,False,False,False,False,False
LP002979,3,0.06150763310695553,-0.9437847057661096,-2.106483030522188,-2.4799920261868964,1.0,1,-0.6198215704463563,-1.250961031732977,True,True,False,False,False,False
LP002984,2,2.000758164315756,-0.9437847057661096,1.5952012117159335,0.2657762923734712,1.0,1,1.1652553018706562,0.8706410489723787,True,True,False,False,False,True
LP002990,0,0.32754804247899977,-0.9437847057661096,0.2353988370162153,0.2657762923734712,0.0,0,-0.37493181833384126,0.040564096240233924,False,False,False,True,True,False
